composer_label,title,mxl_path,chord_event_count,chord_quality_total,chord_quality_major_pct,chord_quality_minor_pct,chord_quality_diminished_pct,chord_quality_augmented_pct,chord_quality_other_pct,harmonic_density_mean,dissonance_ratio,dissonant_note_count,passing_tone_ratio,appoggiatura_ratio,other_dissonance_ratio,roman_chord_count,deceptive_cadence_ratio,modal_interchange_ratio
Bach,J. S. Bach: Little Prelude in C Major BWV 924,/Users/victor/JuFo2026/15571083/mxl/0/16/QmaDct1x6hnFgV8BFMLGzUKCd7DkNHm96Udwix7AW3pDva.mxl,287,287,16.376306620209057,8.710801393728223,0.0,0.0,74.91289198606272,1.6794425087108014,0.2787456445993031,81,0.08641975308641975,0.0,0.9135802469135802,278,0.05415162454873646,0.017985611510791366
Bach,Bach's chorale harmonisations 241-371 (Breitkopf numbering no text),/Users/victor/JuFo2026/15571083/mxl/17/35/QmZoWXdZkvuavKpPnFchpZmC6NJZzsfADtE4uzUdH929oU.mxl,10515,10515,54.88349976224441,29.719448407037564,8.254873989538753,0.49453162149310514,6.6476462196861625,3.272372800760818,0.4734189253447456,8283,0.013400941687794278,0.01545333816250151,0.9711457201497042,10138,0.03166617342408997,0.2277569540343263
Bach,J. S. Bach - Fugue in C Major BWV 846 WTC 1 (real audio),/Users/victor/JuFo2026/15571083/mxl/11/27/QmTJYYLf7PaqwbZ4h3tQ4eDnGnX9gG1SBDaKjiixKp2gD2.mxl,398,398,36.18090452261307,30.90452261306533,9.296482412060302,1.0050251256281406,22.613065326633166,2.829145728643216,0.5904522613065326,207,0.08695652173913043,0.014492753623188406,0.8985507246376812,389,0.02577319587628866,0.015424164524421594
Bach,Prelude No. 2 BWV 847 in C Minor,/Users/victor/JuFo2026/15571083/mxl/8/31/QmQmxCfft8FrQC5YyRdnucv3SypmxbVBrGDm1WwGwAZeoq.mxl,625,625,16.8,53.6,0.0,0.0,29.599999999999998,1.88,0.1152,341,0.011730205278592375,0.0,0.9882697947214076,621,0.02903225806451613,0.20933977455716588
Bach,Bach's chorale harmonisations 1-120 (Breitkopf numbering no text),/Users/victor/JuFo2026/15571083/mxl/2/10/QmcAcXxP8kmmTdw8pn8xvHfrb2L5GrCqd5uQ44ETsDXusi.mxl,9235,9235,54.09853817000542,30.427720628045478,8.879263670817542,0.5739036275040607,6.020573903627504,3.2684353004872766,0.4660530590146183,7574,0.007657776604172168,0.014787430683918669,0.9775547927119091,8906,0.034362717574396406,0.19290366045362678
Bach,Bach Fugue in C-Major (from Toccata Adagio and Fugue in C Major for Organ BWV 564) arr. for piano,/Users/victor/JuFo2026/15571083/mxl/10/53/QmSXZREKKbbZGL9o7rXGFXub3ZyKFp2ExUaLncjNAdByZX.mxl,1565,1565,36.74121405750799,27.284345047923324,4.0894568690095845,0.7667731629392971,31.11821086261981,2.440894568690096,0.3610223642172524,435,0.11724137931034483,0.011494252873563218,0.871264367816092,1487,0.02489905787348587,0.0026899798251513113
Bach,Chorale harmonisations from various vocal works by Bach,/Users/victor/JuFo2026/15571083/mxl/0/40/QmarstozgAPFGWKQtmATXsmdsBCJ5aytRngSr9harJS2vW.mxl,3834,3834,54.19926969222744,30.229525299947834,6.677099634846114,0.39123630672926446,8.502869066249348,3.214397496087637,0.44522691705790296,2966,0.012811867835468645,0.01078894133513149,0.9763991908293999,3686,0.02496607869742198,0.13185024416711882
Bach,J. S. Bach - Invention No. 5 in Eb-Major BWV 776 (real audio),/Users/victor/JuFo2026/15571083/mxl/2/21/QmcgPrR41ikm5Ci6ABVf4r58KCVov3VKepGZTgAnGRCoPD.mxl,500,500,24.2,22.8,0.0,0.0,53.0,1.894,0.32,228,0.11842105263157894,0.0,0.881578947368421,487,0.02263374485596708,0.043121149897330596
Bach,Bach: Little Prelude in C major BWV 933,/Users/victor/JuFo2026/15571083/mxl/0/4/Qma58kekAvv9TsecniR4ja9nDEv3GD4os1aDq9r8ZfzvD8.mxl,249,249,26.907630522088354,24.497991967871485,2.8112449799196786,0.4016064257028112,45.38152610441767,2.1365461847389557,0.3815261044176707,95,0.14736842105263157,0.0,0.8526315789473684,244,0.012345679012345678,0.0
Bach,Bach Prelude in C-Major (from Toccata Adagio and Fugue in C Major for Organ BWV 564) arr. for piano,/Users/victor/JuFo2026/15571083/mxl/4/38/QmeqFD5GdewkgSzD8TPnhrwqApfHwqhp54bygLi9A22Wd5.mxl,1500,1500,19.666666666666664,16.066666666666666,2.0666666666666664,0.13333333333333333,62.06666666666667,1.8506666666666667,0.19733333333333333,590,0.011864406779661017,0.001694915254237288,0.9864406779661017,1411,0.024822695035460994,0.001417434443656981
Bach,Fantasie und Fuge,/Users/victor/JuFo2026/15571083/mxl/13/36/QmVpXy2P42TYWQ7zBtWVk7dZmFv8QBmz7dhAaSjjggdAHw.mxl,1931,1931,24.90937338166753,35.6809943034697,8.285862247540136,2.1232522009321597,29.000517866390474,2.813050233039876,0.61315380631797,902,0.09201773835920177,0.013303769401330377,0.8946784922394678,1813,0.017660044150110375,0.13017098731384447
Bach,J.S. Bach Nun freut euch lieben Christen Arrt F. Busoni,/Users/victor/JuFo2026/15571083/mxl/16/1/QmY2WMwzrxQuDxX7JybHjSaiQH95z2ASWp55srpAa97MWG.mxl,1220,1220,29.508196721311474,27.62295081967213,3.6885245901639343,0.16393442622950818,39.01639344262295,2.4778688524590162,0.5081967213114754,591,0.24534686971235195,0.0,0.754653130287648,1190,0.01682085786375105,0.015126050420168067
Bach,Bach's chorale harmonisations 121-240 (Breitkopf numbering no text),/Users/victor/JuFo2026/15571083/mxl/12/16/QmUDcPN9uYUGpqmLK4Lx1FL6kkNidYPfNwrZJrwb4DhFpT.mxl,10345,10345,52.8757854035766,30.53649105848236,7.800869985500242,0.7926534557757371,7.994200096665055,3.279748670855486,0.48400193330111163,7549,0.021724731752550006,0.02145979599947013,0.9568154722479799,9851,0.02284263959390863,0.24819815247183027
Bach,Bach js capriccio bwv 992,/Users/victor/JuFo2026/15571083/mxl/11/48/QmTvJh1vZRJXz5St8CwcgBRSUvuw84jPyMCksH31x6shJf.mxl,1593,1593,32.14061519146265,24.042686754551163,3.1387319522912747,0.06277463904582549,40.61519146264909,2.189579409918393,0.2780916509730069,649,0.06471494607087827,0.009244992295839754,0.926040061633282,1254,0.02314445331205108,0.05980861244019139
Bach,J.S. Bach Partita No.3 1. Fantasia BWV 827,/Users/victor/JuFo2026/15571083/mxl/12/5/QmU69NWXPs3JghtSsoqNjW2YBUS5HJepCEEnb14xZ4B4m6.mxl,715,715,22.517482517482517,20.41958041958042,0.0,0.0,57.06293706293706,1.897902097902098,0.3174825174825175,290,0.03103448275862069,0.027586206896551724,0.9413793103448276,703,0.027065527065527065,0.08392603129445235
Bach,Minuet in F Major BWV 116 Anh. 113 by JS Bach,/Users/victor/JuFo2026/15571083/mxl/17/30/QmZLB5s1pGDSPhmWx5Zwkt1APsVUQpbvyEqwvi9WP1xxzF.mxl,178,178,20.786516853932586,19.101123595505616,0.0,0.0,60.1123595505618,1.853932584269663,0.25280898876404495,72,0.16666666666666666,0.027777777777777776,0.8055555555555556,173,0.005813953488372093,0.005780346820809248
Bach,Preludio I J S Bach Czerny,/Users/victor/JuFo2026/15571083/mxl/13/19/QmVf4NvWmiKAsctGpvYeUEtEV9t92SVTuMuXtswBFYMHr9.mxl,561,561,27.450980392156865,21.568627450980394,3.5650623885918007,0.7130124777183601,46.702317290552585,2.2976827094474155,0.38146167557932265,179,0.0,0.0,1.0,452,0.0,0.10176991150442478
Bach,J.S. Bach Choralvorspiel Ich ruf' zu dir Herr BWV 639 (Arrt F. Busoni),/Users/victor/JuFo2026/15571083/mxl/4/23/QmehfxKmagAUes7CGojrhYeWmDZJr89mp6WtJAcZLhHrJi.mxl,360,360,37.22222222222222,31.666666666666664,6.944444444444445,0.0,24.166666666666668,2.938888888888889,0.5166666666666667,159,0.018867924528301886,0.025157232704402517,0.9559748427672956,303,0.016556291390728478,0.09900990099009901
Bach,Bach Violin Concerto in A minor BWV 1041,/Users/victor/JuFo2026/15571083/mxl/16/9/QmYagSHmxZDVqj8bw47RDNo8GnqrE1SHucUmwQdnuBYcNA.mxl,1283,1283,18.394388152766954,22.369446609508962,1.6367887763055338,0.3897116134060795,57.20966484801247,2.083398285268901,0.4302416212003118,482,0.12863070539419086,0.008298755186721992,0.8630705394190872,1226,0.014693877551020407,0.0766721044045677
Bach,Prelude BWV 1006,/Users/victor/JuFo2026/15571083/mxl/15/20/QmXF1zqjqvJWwJQX2uJgqKZPzcnB4x5UM8VAEmU2WQtsTY.mxl,1640,1640,5.914634146341463,4.2682926829268295,0.0,0.0,89.8170731707317,1.2182926829268292,0.07926829268292683,182,0.07692307692307693,0.01098901098901099,0.9120879120879121,1539,0.022106631989596878,0.004548408057179987
Bach,Fuga 1 in C - Dur BWV 846 J.S Bach,/Users/victor/JuFo2026/15571083/mxl/6/47/QmNUb9naFC7iTu4pG8qErcXarTucy5V6jiGEWqKvjvBHXP.mxl,399,399,37.34335839598997,30.075187969924812,9.273182957393484,1.0025062656641603,22.305764411027567,2.8320802005012533,0.5864661654135338,208,0.08653846153846154,0.014423076923076924,0.8990384615384616,390,0.02570694087403599,0.015384615384615385
Bach,Bach Fugue in G Minor BWV 542 (Piano solo),/Users/victor/JuFo2026/15571083/mxl/4/31/QmemwP73tZHAVDyP81DutePDjdXsPWVJr1iFD86THdinmA.mxl,1796,1796,30.233853006681517,31.180400890868597,3.6748329621380846,1.2249443207126949,33.68596881959911,2.507238307349666,0.45601336302895323,934,0.028907922912205567,0.008565310492505354,0.9625267665952891,1724,0.017411491584445733,0.09976798143851508
Bach,Brandenburg Concerto No. 3 (Solo Piano Arrangement),/Users/victor/JuFo2026/15571083/mxl/14/43/QmWS6iQn5AP8dLqcUhfuQL9ngrHrZ9DWxbgQKvE2zSdEZ5.mxl,3113,3113,22.42210086733055,22.83970446514616,3.854802441374879,0.19274012206874397,50.69065210407967,1.9820109219402506,0.31223899775136527,1292,0.09674922600619196,0.007739938080495356,0.8955108359133127,3028,0.027089527585067722,0.03797886393659181
Bach,J. S. Bach - Invention No. 15 in B-minor BWV 786 (real audio),/Users/victor/JuFo2026/15571083/mxl/10/28/QmSkpv88AXBwfQVSki4Lja1uAi1SiabTExoBT7fJmkVgyd.mxl,313,313,15.974440894568689,24.600638977635782,0.0,0.0,59.424920127795524,1.8722044728434504,0.36421725239616615,133,0.06015037593984962,0.0,0.9398496240601504,304,0.0165016501650165,0.049342105263157895
Bach,Bach Toccata and Fugue in D Minor (Piano solo),/Users/victor/JuFo2026/15571083/mxl/3/0/Qmd1eQ3eecd9ZnMkV1YLLmJtWnLGNNBN3nUXzQkKXwmG2h.mxl,2439,2439,17.138171381713818,21.648216482164823,1.886018860188602,0.08200082000820008,59.24559245592456,1.8171381713817139,0.23821238212382123,573,0.017452006980802792,0.0017452006980802793,0.9808027923211169,2281,0.025,0.0784743533537922
Bach,Fugue in E Minor BWV 914 By Johann Sebastian Bach,/Users/victor/JuFo2026/15571083/mxl/0/16/QmaDECJnBTDT8H7Zx2Zvw9QJgD7m17qsxxEkRXKKUkvGfT.mxl,1140,1140,17.45614035087719,30.350877192982455,3.070175438596491,0.2631578947368421,48.85964912280702,2.001754385964912,0.312280701754386,531,0.0,0.007532956685499058,0.992467043314501,1100,0.026387625113739762,0.11090909090909092
Bach,BWV 807: The English Suites II Prelude,/Users/victor/JuFo2026/15571083/mxl/16/57/QmYZQ4BkXea1hyd1SMUCoaQ4DSeAVzt9JEWQMMvbdKBQG9.mxl,1914,1914,18.808777429467085,29.62382445141066,2.246603970741902,0.20898641588296762,49.11180773249739,1.9529780564263324,0.29728317659352144,862,0.08352668213457076,0.004640371229698376,0.9118329466357309,1863,0.024704618689581095,0.10198604401502952
Bach,Johann Sebastian Bach - Invention No. 13 in A minor BWV 784 for Piano - BreezePiano,/Users/victor/JuFo2026/15571083/mxl/12/11/QmUbCP81miGkFzFSk3cTqCXyNV4psQm4UM33sjmc4Twpae.mxl,397,397,16.120906801007557,25.94458438287154,0.0,0.0,57.93450881612091,1.7153652392947103,0.19899244332493704,99,0.010101010101010102,0.0,0.98989898989899,376,0.008,0.06914893617021277
Bach,J.S. Bach Choralvorspiel ''Nun komm' der Heiden Heiland'' (Arrt F. Busoni),/Users/victor/JuFo2026/15571083/mxl/14/41/QmWRmbHPfLzyWCuPghYb4XdPDoBGbFRFLMMxHTsfJy92FW.mxl,539,539,30.612244897959183,32.6530612244898,7.050092764378478,2.0408163265306123,27.643784786641927,2.927643784786642,0.601113172541744,290,0.11379310344827587,0.006896551724137931,0.8793103448275862,512,0.015655577299412915,0.142578125
Bach,Minuets in G Major and G Minor,/Users/victor/JuFo2026/15571083/mxl/2/50/Qmcw8jEKt8NUmu11gUJTCo3wGeEw5bZNi43d6o25wDhb4d.mxl,300,300,40.33333333333333,24.0,6.0,1.3333333333333335,28.333333333333332,2.6966666666666668,0.4666666666666667,128,0.09375,0.09375,0.8125,288,0.03484320557491289,0.23958333333333334
Bach,Ich steh an deiner Krippen hier,/Users/victor/JuFo2026/15571083/mxl/17/34/QmZN67wShmVnyRMrvhDUkmG3TWof2uxzrntwFVEn4ynkPm.mxl,135,135,20.0,17.77777777777778,0.0,0.0,62.22222222222222,1.6814814814814816,0.22962962962962963,41,0.07317073170731707,0.024390243902439025,0.9024390243902439,125,0.008064516129032258,0.032
Bach,Das Wohltemperierte Klavier I - Praeludium in C-Dur (BWV 846),/Users/victor/JuFo2026/15571083/mxl/1/20/QmbFt6yc1EUxZvqTVUg7xQY531BbkUcxn8uL3VYrB2uwjB.mxl,545,545,27.155963302752294,20.55045871559633,3.669724770642202,0.0,48.62385321100918,2.2752293577981653,0.3706422018348624,176,0.0,0.0,1.0,439,0.0,0.08200455580865604
Bach,J.S. Bach - Toccata & Fugue in D minor BWV 565,/Users/victor/JuFo2026/15571083/mxl/0/51/QmaWUmXP6sdMEyaCacAQZZQUVykcAn7cCqVqueAbwz9NsB.mxl,2391,2391,16.394813885403597,20.242576327896277,2.0493517356754496,0.1672940192388122,61.14596403178586,1.8005018820577163,0.23212045169385195,724,0.022099447513812154,0.0,0.9779005524861878,2253,0.023978685612788632,0.07412339103417666
Bach,Bach's Air for Violoncello and Piano (from Orchestral Suite No. 3 in D major BWV 1068),/Users/victor/JuFo2026/15571083/mxl/8/56/QmQzXNiBJ387BiCHTqizWLNseTyvj4yotn5gzAfxhm1nZw.mxl,271,271,46.125461254612546,32.47232472324723,5.166051660516605,2.214022140221402,14.022140221402212,3.2952029520295203,0.7011070110701108,89,0.1348314606741573,0.033707865168539325,0.8314606741573034,252,0.027888446215139442,0.015873015873015872
Bach,BWV 808: The English suite III Prelude as inspired by Ivo Pogorelich,/Users/victor/JuFo2026/15571083/mxl/10/3/QmS4ZePJXtMi2T9CbhP6oAvzSZPpyvfsu9ES9yeFtpCW1j.mxl,1320,1320,32.121212121212125,29.62121212121212,2.4242424242424243,0.6060606060606061,35.22727272727273,2.5045454545454544,0.45984848484848484,725,0.05931034482758621,0.020689655172413793,0.92,1281,0.0203125,0.09445745511319281
Bach,Johann Sebastian Bach - Pr\aludium,/Users/victor/JuFo2026/15571083/mxl/0/13/QmacHkEMLbKiN7YagLdNjR2WPRvZAZW6ahjHjtPgvRNCdn.mxl,505,505,7.524752475247524,5.148514851485149,0.0,0.0,87.32673267326733,1.3663366336633664,0.16633663366336635,66,0.0,0.0,1.0,474,0.010570824524312896,0.02531645569620253
Chopin,Frédéric Chopin: Étude in A minor Op.25 No.11 Winter Wind,/Users/victor/JuFo2026/15571083/mxl/2/21/QmcgjQVzWTS3bA51emSjoVANNB8B6uCZ6mQMA5qG7jbKWD.mxl,2145,2145,20.326340326340326,27.878787878787882,2.797202797202797,0.09324009324009325,48.904428904428904,2.3044289044289044,0.43682983682983684,749,0.0,0.004005340453938585,0.9959946595460614,1929,0.015560165975103735,0.0352514256091239
Chopin,Chopin Ballad No. 3 (Piano solo),/Users/victor/JuFo2026/15571083/mxl/3/5/Qmd67WvFZb7WTWP7zGHcQ3mCJLZEUoiMkqMtvPG8LuMN19.mxl,1850,1850,32.27027027027027,21.027027027027025,5.405405405405405,2.810810810810811,38.486486486486484,2.6637837837837837,0.5556756756756757,294,0.10204081632653061,0.034013605442176874,0.8639455782312925,1490,0.004029550033579583,0.020134228187919462
Chopin,Frédéric Chopin: Étude in D-flat major Op.25 No.8 Sixths,/Users/victor/JuFo2026/15571083/mxl/17/19/QmZff9fTcDAENh43naGPWS3mKEXGMWprjpmkvmrmiqU8ED.mxl,416,416,43.99038461538461,34.61538461538461,6.730769230769231,0.4807692307692308,14.182692307692307,3.141826923076923,0.6490384615384616,11,0.18181818181818182,0.0,0.8181818181818182,414,0.031476997578692496,0.012077294685990338
Chopin,Frédéric Chopin: Étude in F major Op.10 No.8 Sunshine,/Users/victor/JuFo2026/15571083/mxl/3/8/Qmd9krjmxX9dD9aR8S4M2gGMghqyBKFyDGzNgmBvSG7zLU.mxl,1485,1485,27.003367003367,19.393939393939394,0.6734006734006733,0.20202020202020202,52.72727272727272,2.2754208754208753,0.435016835016835,565,0.168141592920354,0.017699115044247787,0.8141592920353983,1364,0.00880410858400587,0.007331378299120235
Chopin,Scherzo No.2 (F.Chopin Op.31),/Users/victor/JuFo2026/15571083/mxl/17/37/QmZPydoNzGhD9TTqqsZ4h4f36eR6z2bcokeNu7pG5hUScE.mxl,3222,3222,23.898199875853507,16.604593420235876,4.9658597144630665,0.4345127250155183,54.096834264432026,2.1759776536312847,0.4130974549968963,688,0.09156976744186046,0.08139534883720931,0.8270348837209303,3033,0.013852242744063324,0.10286844708209693
Chopin,Frédéric Chopin: Prelude in G-sharp minor Op.28 No.12,/Users/victor/JuFo2026/15571083/mxl/4/1/Qme2p6FB8XxVyrWPk4bcggeTNh7QW28tukHSeJGCZaXyZY.mxl,445,445,26.29213483146067,35.50561797752809,4.269662921348314,2.696629213483146,31.235955056179776,3.051685393258427,0.6112359550561798,119,0.0,0.01680672268907563,0.9831932773109243,379,0.005291005291005291,0.018469656992084433
Chopin,Frédéric Chopin: Prelude in B-flat minor Op.28 No.16,/Users/victor/JuFo2026/15571083/mxl/2/39/QmcQoygH7hjNEjjC1zEwfc6AZm9tAGMrb2wbxLiCphymsP.mxl,705,705,16.312056737588655,13.75886524822695,2.6950354609929077,0.7092198581560284,66.52482269503545,1.9560283687943263,0.38581560283687943,297,0.15151515151515152,0.013468013468013467,0.835016835016835,699,0.011461318051575931,0.030042918454935622
Chopin,Frédéric Chopin: Étude in F minor Op.25 No.2 The Bees,/Users/victor/JuFo2026/15571083/mxl/8/9/QmQagsBqLF4aH3h6PqPQyphvusDzyvv6WUffymN5mx8MUE.mxl,809,809,18.541409147095177,13.8442521631644,0.0,0.0,67.61433868974042,1.8739184177997528,0.44746600741656367,453,0.11479028697571744,0.0,0.8852097130242825,799,0.05263157894736842,0.03128911138923655
Chopin,Waltz in B minor,/Users/victor/JuFo2026/15571083/mxl/14/38/QmWqwAqr8yGcvHzHU6tyLhF2YL6551xx84brEx7uYoK4Z7.mxl,685,685,36.35036496350365,31.24087591240876,3.795620437956204,0.8759124087591241,27.73722627737226,2.8671532846715326,0.7284671532846715,226,0.10176991150442478,0.12389380530973451,0.7743362831858407,608,0.004942339373970346,0.08552631578947369
Chopin,Frédéric Chopin: Prelude in E minor Op.28 No.4,/Users/victor/JuFo2026/15571083/mxl/0/33/QmanzCS7875c3wuXfewZKx3qARMdn6GvcwJfQ15QGmxQ6n.mxl,189,189,26.984126984126984,35.44973544973545,20.634920634920633,3.1746031746031744,13.756613756613756,3.544973544973545,0.7619047619047619,34,0.029411764705882353,0.058823529411764705,0.9117647058823529,95,0.02127659574468085,0.07368421052631578
Chopin,Frédéric Chopin - Nocturne n20 (posthume) en Do dièse mineur 'Réminiscence',/Users/victor/JuFo2026/15571083/mxl/16/36/QmYpFcJ2vAEborj9CqHbuuhdp3KA6KfpaMqaQ9eUep73rF.mxl,127,127,10.236220472440944,18.11023622047244,0.0,0.0,71.65354330708661,1.68503937007874,0.2440944881889764,29,0.10344827586206896,0.0,0.896551724137931,124,0.008130081300813009,0.06451612903225806
Chopin,Douze Études op. 25 (full),/Users/victor/JuFo2026/15571083/mxl/15/6/QmX7FqRKaQ9rxcr6jHhSxUVnvwCPhssmEKuxRu1rmWsoEw.mxl,11052,11052,24.14042707202316,25.87766920014477,4.080709373868983,0.5971769815418024,45.30401737242128,2.403546869344915,0.4785559174809989,2803,0.026400285408490903,0.013200142704245452,0.9603995718872637,10301,0.015242718446601942,0.13814192796815844
Chopin,Nocturne (F.Chopin Op.55. No.2),/Users/victor/JuFo2026/15571083/mxl/15/11/QmXbFWcmEEAe6iErN3yVdL21iXXPk6yktQihaoYcjeMW8s.mxl,1003,1003,24.127617148554336,18.24526420737787,2.7916251246261217,0.5982053838484547,54.23728813559322,2.32901296111665,0.5872382851445663,378,0.06878306878306878,0.018518518518518517,0.9126984126984127,967,0.013457556935817806,0.0703205791106515
Chopin,Chopin Ballade No. 1 (Complete) Piano solo,/Users/victor/JuFo2026/15571083/mxl/9/48/QmRvks9HDbqarYwbzWSwjUo7M7AsWZgpBik988QLyhGCQ8.mxl,2549,2549,19.890153001176934,20.94939191839937,6.355433503334641,1.3730874852883483,51.4319340918007,2.3613181639858767,0.45664966653589645,619,0.06946688206785137,0.014539579967689823,0.9159935379644588,2282,0.01183691363437089,0.03242769500438212
Chopin,Minute Waltz,/Users/victor/JuFo2026/15571083/mxl/11/26/QmTjD7qrdZCaNYy77zdiBjVy3NKkS1bbyj4LvTyivfZTPW.mxl,634,634,33.2807570977918,16.40378548895899,1.5772870662460567,0.6309148264984227,48.10725552050473,2.506309148264984,0.5694006309148265,222,0.15315315315315314,0.10810810810810811,0.7387387387387387,608,0.02471169686985173,0.0
Chopin,Waltz A Minor (W/Live Recording) Opus Posth. B. 150 - F.F. Chopin,/Users/victor/JuFo2026/15571083/mxl/3/29/QmdKexEC1RtbrJmgpxrcWmFau7mp4q3EqCBHfB7KRVfNH9.mxl,262,262,35.11450381679389,25.572519083969464,1.1450381679389312,1.1450381679389312,37.02290076335878,2.6068702290076335,0.6717557251908397,108,0.3333333333333333,0.0,0.6666666666666666,219,0.01834862385321101,0.0867579908675799
Chopin,Nocturne (F.Chopin Op.72. No.1),/Users/victor/JuFo2026/15571083/mxl/8/21/QmQgh5FieDx21wumrAaDFSzK6vANwpsT8nQkehcXwWuBDB.mxl,823,823,31.105710814094774,24.908869987849332,6.682867557715674,0.3645200486026731,36.93803159173755,2.5407047387606316,0.5467800729040098,132,0.13636363636363635,0.022727272727272728,0.8409090909090909,714,0.021037868162692847,0.12885154061624648
Chopin,Chopin Prélude No. 25 in C Minor Opus 45,/Users/victor/JuFo2026/15571083/mxl/5/34/QmfNseniSwST8r2CM6MKccHfJ4BB5rEu1MiZdmrP9kh2q2.mxl,747,747,24.497991967871485,20.214190093708165,7.095046854082998,1.3386880856760375,46.85408299866131,2.3815261044176705,0.42704149933065594,75,0.04,0.0,0.96,700,0.017167381974248927,0.017142857142857144
Chopin,Chopin - Waltz in A Minor (Piano Solo),/Users/victor/JuFo2026/15571083/mxl/17/36/QmZpiR4dVBt5Wo6p6r3XWL8pSmzZ6bAUF9xfwDJfNHqBur.mxl,108,108,14.814814814814813,16.666666666666664,0.0,0.0,68.51851851851852,1.8333333333333333,0.39814814814814814,57,0.19298245614035087,0.0,0.8070175438596491,107,0.02830188679245283,0.04672897196261682
Chopin,Frédéric Chopin: Prelude in F major Op.28 No.23,/Users/victor/JuFo2026/15571083/mxl/7/47/QmPUyKD5Kmw2KAExu3bqXJCffS3UUaPtU1erBRwJZyaRAT.mxl,351,351,27.350427350427353,15.0997150997151,0.5698005698005698,0.0,56.98005698005698,1.962962962962963,0.25925925925925924,78,0.0,0.0,1.0,321,0.0,0.0
Chopin,F. Chopin - Mazurka in D-Flat Major Op. 30: No. 3,/Users/victor/JuFo2026/15571083/mxl/12/28/QmUkagEb3mJWASbpfehGiouwogp2zz6t6jDRCA3m5qnfdq.mxl,405,405,43.95061728395061,24.691358024691358,8.148148148148149,0.49382716049382713,22.71604938271605,2.6790123456790123,0.5407407407407407,45,0.08888888888888889,0.1111111111111111,0.8,340,0.04424778761061947,0.0
Chopin,Chopin Nocturne in D-Flat Major Op. 27 No. 2,/Users/victor/JuFo2026/15571083/mxl/15/33/QmXnhQJy7fQLcWkcmFj1kGJtgEZrmCWgc4pHsFrFUd5xb9.mxl,1136,1136,19.014084507042252,25.616197183098592,2.2007042253521125,0.7042253521126761,52.46478873239436,2.2139084507042255,0.5105633802816901,229,0.10480349344978165,0.013100436681222707,0.8820960698689956,1075,0.0111731843575419,0.04744186046511628
Chopin,Chopin Ballade No. 2 (Piano solo),/Users/victor/JuFo2026/15571083/mxl/4/7/Qme88a7Fvz73EWc6i6ba61XjfTNxj1cJPeZBRsh1EGqVrC.mxl,1615,1615,32.26006191950464,25.386996904024766,6.439628482972136,0.6811145510835914,35.23219814241486,2.711455108359133,0.573374613003096,269,0.022304832713754646,0.026022304832713755,0.9516728624535316,1462,0.013689253935660506,0.06155950752393981
Chopin,F. Chopin - Marche funèbre in C Minor Op. 72,/Users/victor/JuFo2026/15571083/mxl/16/5/QmY6mqCKaHEkaxGNsPYpUTmNATKcGFjvN8zVjmmAd5oVZo.mxl,434,434,27.64976958525346,25.115207373271893,9.67741935483871,2.5345622119815667,35.02304147465438,2.5714285714285716,0.3686635944700461,101,0.13861386138613863,0.0594059405940594,0.801980198019802,368,0.02997275204359673,0.06521739130434782
Chopin,Frédéric Chopin: Prelude in C minor Op.28 No.20,/Users/victor/JuFo2026/15571083/mxl/2/13/QmccyTuSVcX3X4QAgMqXVEhXdkGEfEebqXMQpFXYFxqqKk.mxl,61,61,44.26229508196721,47.540983606557376,0.0,4.918032786885246,3.278688524590164,3.3278688524590163,0.4426229508196721,6,0.3333333333333333,0.0,0.6666666666666666,59,0.06896551724137931,0.0847457627118644
Chopin,12 ÉTUDES OP 10 NO 4,/Users/victor/JuFo2026/15571083/mxl/3/37/QmdPjReRn2xf8pU9pyEGDf2k3VqmV7jaQEDAxo2E5rAzKD.mxl,1261,1261,14.115781126090404,24.980174464710547,7.613005551149881,1.1102299762093577,52.180808881839816,2.3552735923869945,0.4639175257731959,401,0.02493765586034913,0.012468827930174564,0.9625935162094763,1178,0.026338147833474938,0.04923599320882852
Chopin,Etude Op.10 No.11 in e major Arpeggio Chopin,/Users/victor/JuFo2026/15571083/mxl/0/49/QmaV5rqBXD2utFkc2XYtmscsoqxwcdCwQgwxzwrCDjJWxR.mxl,321,321,63.2398753894081,19.626168224299064,8.09968847352025,1.2461059190031152,7.78816199376947,3.7850467289719627,0.7289719626168224,7,0.0,0.0,1.0,291,0.013793103448275862,0.10996563573883161
Chopin,Chopin Ballade No. 4 (Piano solo),/Users/victor/JuFo2026/15571083/mxl/12/28/QmUkCd5kX3tLNtrCNzmMgNSLJ7GGFsjfGbMBsNgq7612ox.mxl,2794,2794,30.708661417322837,21.689334287759486,6.012884753042233,0.9663564781675018,40.62276306370794,2.5272011453113814,0.5229062276306371,806,0.05955334987593052,0.008684863523573201,0.9317617866004962,2627,0.010281797410510283,0.08564902931100114
Chopin,Frédéric Chopin: Fantaisie-impromptu in C-sharp minor Op.66,/Users/victor/JuFo2026/15571083/mxl/17/13/QmZcUwdJEKU3DXk6fWYRkzTJ1UCC3JUxpgHymdEa2bYtpW.mxl,2506,2506,13.766959297685554,16.400638467677574,0.0,0.03990422984836393,69.79249800478851,1.7374301675977655,0.3076616121308859,625,0.0208,0.0448,0.9344,2255,0.013309671694764862,0.13968957871396895
Chopin,Grande Valse Brillante Op. 18 Analysis,/Users/victor/JuFo2026/15571083/mxl/9/8/QmR9uamCGLTop6GLTVCsVF9Cp3CNkC4G3HbTVrbWn5YB1S.mxl,1319,1319,43.13874147081122,17.589082638362395,6.823351023502654,1.9711902956785443,30.477634571645183,2.902956785443518,0.624715693707354,430,0.08139534883720931,0.06279069767441861,0.8558139534883721,1052,0.004757373929590866,0.20152091254752852
Chopin,Frédéric Chopin - Waltz in A minor B. 150,/Users/victor/JuFo2026/15571083/mxl/8/11/QmQb1RdU1FtmmYHbXdfU7YEY8a9nvkJcdBJGRTrSokCCq9.mxl,262,262,32.82442748091603,26.33587786259542,1.1450381679389312,1.1450381679389312,38.54961832061068,2.6259541984732824,0.6717557251908397,110,0.32727272727272727,0.0,0.6727272727272727,222,0.01809954751131222,0.0945945945945946
Chopin,Polonaise-Fantasie (F.Chopin Op.61),/Users/victor/JuFo2026/15571083/mxl/2/10/QmcAuHtH8ziExxeraVL8tdn5QbDxxoXxng8uKafN9sQrRo.mxl,2890,2890,30.484429065743946,22.387543252595155,6.401384083044983,1.0380622837370241,39.68858131487889,2.6249134948096886,0.5179930795847751,648,0.05709876543209876,0.018518518518518517,0.9243827160493827,2528,0.014641867827463396,0.00949367088607595
Chopin,Chopin 24 Préludes Opus 28,/Users/victor/JuFo2026/15571083/mxl/5/32/QmfM3JtYkeZXaQbaDJrJV3V54mujUrEcGLBEn1djBtaUHM.mxl,9268,9268,26.650841605524384,20.565386275356065,3.2477341389728096,0.8308157099697886,48.705222270176954,2.3441950798446265,0.42339231765213636,2367,0.04773975496408957,0.010984368398817067,0.9412758766370933,7958,0.010305391479200704,0.024001005277707967
Chopin,Nocturne (Short Version),/Users/victor/JuFo2026/15571083/mxl/15/43/QmXSKixSsPLd7Cbgzey15tWvc8vq3sD6FwFMdjsgUzJmkE.mxl,123,123,29.268292682926827,24.390243902439025,5.691056910569105,0.0,40.65040650406504,2.3821138211382116,0.5365853658536586,41,0.12195121951219512,0.024390243902439025,0.8536585365853658,117,0.0,0.0
Chopin,Frédéric Chopin: Prelude in A major Op.28 No.7,/Users/victor/JuFo2026/15571083/mxl/9/37/QmRP9W9te4eDqVnrabcdgvNuQAkT1A8w2RrAdjJjGuARwd.mxl,48,48,54.166666666666664,29.166666666666668,2.083333333333333,0.0,14.583333333333334,2.9583333333333335,0.5833333333333334,2,0.0,0.0,1.0,33,0.0,0.0
Chopin,Chopin Frédéric Études Op. 10 6. Étude in G-sharp minor Thirds,/Users/victor/JuFo2026/15571083/mxl/4/30/QmeL4DFPXz6yfY3bD9cqVsvqtEPHPFzsRYTVkaF5FFeDLE.mxl,628,628,36.146496815286625,23.726114649681527,14.490445859872612,8.75796178343949,16.878980891719745,3.429936305732484,0.7356687898089171,225,0.0,0.0,1.0,594,0.0,0.037037037037037035
Debussy,Debussy - Préludes - Book I - VI,/Users/victor/JuFo2026/15571083/mxl/10/1/QmS2kfB8xQJurJy5PjCYMPqjiFvVyRpGTyxGC4LyZuLdoM.mxl,286,286,31.11888111888112,24.475524475524477,8.741258741258742,3.146853146853147,32.51748251748251,3.1923076923076925,0.7202797202797203,66,0.09090909090909091,0.0,0.9090909090909091,208,0.0,0.0625
Debussy,Claude Debussy Pour le Piano II Sarabande,/Users/victor/JuFo2026/15571083/mxl/12/28/QmUk3ahyVbCMrrQhCuvXBW7bGCHkZd3LAdM7HKkVeAVE6P.mxl,347,347,36.023054755043226,41.210374639769455,8.93371757925072,0.0,13.8328530259366,3.360230547550432,0.5331412103746398,81,0.1111111111111111,0.024691358024691357,0.8641975308641975,302,0.0033222591362126247,0.12251655629139073
Debussy,Les collines d'Anacapri,/Users/victor/JuFo2026/15571083/mxl/15/22/QmXGnsc1wBSmh4nC2AWPKRCJ5DQsH7tgbz6HoWbBRu4Mxt.mxl,928,928,22.198275862068968,20.36637931034483,1.4008620689655173,0.21551724137931033,55.81896551724138,2.4827586206896552,0.5581896551724138,269,0.026022304832713755,0.0037174721189591076,0.9702602230483272,741,0.02027027027027027,0.06477732793522267
Debussy,Debussy Prelude Book 2 No 2 Feuilles mortes,/Users/victor/JuFo2026/15571083/mxl/2/45/QmcTQtgK7WDjQGQX8bDyUvbYvEwH6nZcKbxUKhCbnghsLM.mxl,245,245,28.97959183673469,19.591836734693878,10.204081632653061,13.061224489795919,28.163265306122447,3.7224489795918365,0.6489795918367347,31,0.0,0.0,1.0,205,0.024509803921568627,0.16097560975609757
Debussy,Bruyères,/Users/victor/JuFo2026/15571083/mxl/14/5/QmW6E34TPPP8eBgcNGvZ55Q4VxMnEpN1MtVB3AVLJFeVaF.mxl,486,486,42.181069958847736,32.30452674897119,9.053497942386832,0.411522633744856,16.049382716049383,3.588477366255144,0.7489711934156379,143,0.1958041958041958,0.04195804195804196,0.7622377622377622,389,0.010309278350515464,0.06940874035989718
Debussy,Debussy Prelude Book 2 No 6 General Lavine - excentric,/Users/victor/JuFo2026/15571083/mxl/5/20/QmfFqKsSzZEXqmYrXP94cbqrfeDX5DN55NDmwBPX4yJvDD.mxl,546,546,23.626373626373624,21.611721611721613,3.8461538461538463,0.7326007326007326,50.18315018315018,2.7124542124542126,0.554945054945055,15,0.0,0.06666666666666667,0.9333333333333333,463,0.006493506493506494,0.11447084233261338
Debussy,Debussy Prelude Book 2 No 4 Les fees sont d'exquises danseuses,/Users/victor/JuFo2026/15571083/mxl/11/50/QmTw41w2mm8cqvn8Vz3GtnnQt1ozHDBc4c9ZbNcwSceHiH.mxl,1047,1047,16.809933142311365,18.529130850047757,4.393505253104107,5.444126074498568,54.82330468003821,2.609360076408787,0.47182425978987586,209,0.014354066985645933,0.019138755980861243,0.9665071770334929,892,0.006734006734006734,0.028026905829596414
Debussy,Deux arabesques,/Users/victor/JuFo2026/15571083/mxl/12/10/QmUAYMoNgNjpMXHGPeze3PJUxVMUG3EAWbnn6XQXnb9ufp.mxl,2091,2091,29.411764705882355,21.8077474892396,2.199904351984696,0.38259206121472983,46.19799139167862,2.3290291726446677,0.4218077474892396,561,0.0677361853832442,0.008912655971479501,0.9233511586452763,1922,0.00989068193649141,0.20343392299687826
Debussy,Debussy Prelude Book 2 No 12 Feux d'artifice,/Users/victor/JuFo2026/15571083/mxl/13/57/QmVZUovZ2Qvbq6xCyiwHzfBtDnzktYSyaW9GJJrPmENPCD.mxl,2247,2247,11.748998664886514,7.565643079661771,1.0680907877169559,1.7801513128615931,77.83711615487317,1.8566978193146417,0.417890520694259,255,0.09019607843137255,0.00392156862745098,0.9058823529411765,2035,0.008849557522123894,0.016707616707616706
Debussy,Debussy Prelude Book 2 No 1 Brouillards,/Users/victor/JuFo2026/15571083/mxl/4/51/QmeWKxe5hUXi11SVhqpTZfPhhAJxciDNuwJsciiUk7abYb.mxl,845,845,28.402366863905325,12.189349112426036,6.153846153846154,1.8934911242603552,51.36094674556213,3.268639053254438,0.7183431952662722,254,0.003937007874015748,0.0,0.9960629921259843,745,0.009408602150537635,0.03355704697986577
Debussy,Sarabande (C.Debussy. Pour le piano. No.2. ),/Users/victor/JuFo2026/15571083/mxl/10/9/QmSapKg585rCeS4WNPEgxDrQS31qVXeg5pGvNKx9KcTCPb.mxl,416,416,38.46153846153847,39.66346153846153,7.9326923076923075,0.0,13.942307692307693,3.3725961538461537,0.5360576923076923,77,0.06493506493506493,0.025974025974025976,0.9090909090909091,352,0.002849002849002849,0.11647727272727272
Debussy,Nocturne (C.Debussy),/Users/victor/JuFo2026/15571083/mxl/0/32/QmaMBmVafSnmCGZLYgUWDLufBVY6wmy3vqrqbMecqMmhJR.mxl,1123,1123,38.29029385574355,24.844167408726626,6.322350845948353,3.7399821905609976,26.80320569902048,2.958147818343722,0.5681211041852182,163,0.12883435582822086,0.012269938650306749,0.8588957055214724,884,0.007927519818799546,0.1074660633484163
Debussy,Petite suite (C.Debussy),/Users/victor/JuFo2026/15571083/mxl/2/26/QmcjeEgVcoWu1P6Dq2VqJJc948XeS3Efk66QLZKeRZuqkY.mxl,3424,3424,44.626168224299064,32.973130841121495,3.475467289719626,1.3726635514018692,17.552570093457945,3.28767523364486,0.5995911214953271,624,0.21474358974358973,0.052884615384615384,0.7323717948717948,2729,0.013929618768328446,0.2649322096005863
Debussy,Rêverie :Debussy :fix,/Users/victor/JuFo2026/15571083/mxl/1/51/QmbWhYRPux1RcQo4smQvKFinUE6DoPYXmg9Qy4U5qpy1Ue.mxl,730,730,31.232876712328768,27.397260273972602,1.36986301369863,2.054794520547945,37.945205479452056,2.4493150684931506,0.3821917808219178,143,0.04195804195804196,0.055944055944055944,0.9020979020979021,628,0.0,0.07961783439490445
Debussy,Debussy Prelude Book 2 No 7 La terrasse des audiences du clair de lune,/Users/victor/JuFo2026/15571083/mxl/17/16/QmZDmit9FD5jWx5LbDq8jcY17ArDZRQJLqKrgb733RfQvy.mxl,447,447,38.03131991051455,10.961968680089486,4.250559284116331,8.501118568232663,38.25503355704698,3.534675615212528,0.8053691275167785,91,0.03296703296703297,0.0,0.967032967032967,392,0.010230179028132993,0.11479591836734694
Debussy,Debussy Prelude Bk 1 No 3 Le Vent dans la plaine,/Users/victor/JuFo2026/15571083/mxl/0/15/Qmadte65iwPsoF6r2FA6xhZJxCKv6gRaJii7FeXFHEM65H.mxl,1234,1234,20.016207455429498,17.3419773095624,2.9173419773095626,3.565640194489465,56.15883306320908,2.358995137763371,0.4846029173419773,497,0.002012072434607646,0.0,0.9979879275653923,1175,0.012776831345826235,0.013617021276595745
Debussy,Debussy Prelude Book 2 No 9 Hommage a S. Pickwick Esq. P. P. M. P. C,/Users/victor/JuFo2026/15571083/mxl/6/30/QmNLuPGuwutRoDQLhW4hNpBkhowszHBsYbLhf8SzaZFL4G.mxl,466,466,27.253218884120173,26.180257510729614,3.2188841201716736,4.935622317596566,38.412017167381975,2.7381974248927037,0.5429184549356223,50,0.0,0.04,0.96,447,0.02914798206278027,0.06711409395973154
Debussy,Debussy Première Arabesque L. 66 No. 1,/Users/victor/JuFo2026/15571083/mxl/10/25/QmSiufNxXsLotuQDJMEjTj3AbLr5H4K3mfB4LbjeB6UwTm.mxl,1027,1027,24.44011684518014,21.908471275559883,2.142161635832522,0.3894839337877313,51.11976630963972,2.211295034079844,0.4225900681596884,280,0.07857142857142857,0.014285714285714285,0.9071428571428571,944,0.022269353128313893,0.034957627118644065
Debussy,Debussy - La fille aux cheveux de lin,/Users/victor/JuFo2026/15571083/mxl/15/25/QmXiANoF15wqxY1T8hka5xUpgtC7ZNWWHciJ5qJe9mEgXf.mxl,261,261,49.42528735632184,37.93103448275862,2.2988505747126435,0.0,10.344827586206897,3.425287356321839,0.6283524904214559,83,0.13253012048192772,0.03614457831325301,0.8313253012048193,212,0.014218009478672985,0.0
Debussy,Valse romantique Claude Debussy,/Users/victor/JuFo2026/15571083/mxl/0/50/QmawJ7uHzgwB6RUqi63x81eeuUeGvwppDdRDxJSmVEhW1F.mxl,833,833,27.490996398559425,24.129651860744296,7.6830732292917165,0.8403361344537815,39.85594237695078,2.5282112845138056,0.43577430972388953,198,0.06565656565656566,0.025252525252525252,0.9090909090909091,716,0.011188811188811189,0.15363128491620112
Debussy,Debussy Claude - La plus que lente,/Users/victor/JuFo2026/15571083/mxl/1/55/QmbYCixEYiqqLRZmHY18yk2pitQ4oMjzLmuLGN8EMFPRAx.mxl,723,723,30.152143845089903,13.692946058091287,6.224066390041494,3.7344398340248963,46.19640387275242,2.549100968188105,0.5961272475795297,204,0.08333333333333333,0.029411764705882353,0.8872549019607843,667,0.013513513513513514,0.09145427286356822
Debussy,Ballade (C.Debussy),/Users/victor/JuFo2026/15571083/mxl/4/7/Qme8Dz2TtWJPTk6QauUhcmxxzbGz9xhnwj4DMYfMDUxZPb.mxl,1628,1628,28.869778869778866,30.896805896805894,8.415233415233416,1.597051597051597,30.22113022113022,2.9066339066339064,0.6062653562653563,368,0.019021739130434784,0.019021739130434784,0.9619565217391305,1288,0.003108003108003108,0.09782608695652174
Debussy,IV. Passepied,/Users/victor/JuFo2026/15571083/mxl/1/14/QmbCqeJ9LcEBfVWtEGHMz8KS96dzXCCCAZWSdYRdEuD7qP.mxl,1285,1285,31.59533073929961,21.71206225680934,4.124513618677042,0.23346303501945526,42.33463035019455,2.469260700389105,0.5035019455252918,164,0.12195121951219512,0.012195121951219513,0.8658536585365854,1195,0.01340033500837521,0.07364016736401674
Debussy,Children's Corner - Doctor Gradus ad Parnassum,/Users/victor/JuFo2026/15571083/mxl/1/42/Qmbs6AsQ1EcraYkW8kJK6RxdrYGU2R1qA4iCV87Lg32MDD.mxl,1041,1041,14.121037463976945,16.42651296829971,1.344860710854947,0.0,68.10758885686839,1.8386167146974064,0.29010566762728146,316,0.03481012658227848,0.0,0.9651898734177216,990,0.00910010111223458,0.049494949494949494
Debussy,C. Debussy Pour remercier la pluie au matin 6 épigraphes antiques 6,/Users/victor/JuFo2026/15571083/mxl/17/44/QmZtBw4yJTosH6YfKkyWAf9RFTPXac6esriXSP73xCoTCj.mxl,969,969,19.917440660474718,19.298245614035086,3.4055727554179565,8.25593395252838,49.122807017543856,3.48297213622291,0.8452012383900929,76,0.25,0.0,0.75,922,0.002171552660152009,0.02386117136659436
Debussy,Children's Corner - The Little Shepherd,/Users/victor/JuFo2026/15571083/mxl/11/35/QmTobBbb6pruvSbYGAGkq5mA735jihqP5kBsGZ95zMs1D3.mxl,249,249,22.08835341365462,25.702811244979916,5.622489959839357,0.8032128514056224,45.78313253012048,2.4899598393574296,0.46586345381526106,65,0.36923076923076925,0.0,0.6307692307692307,213,0.009433962264150943,0.107981220657277
Debussy,Debussy - Suite Bergamasque - III. Clair de Lune,/Users/victor/JuFo2026/15571083/mxl/10/27/QmSJeDjtEuw3PjP17fheDNXGojcQ76HmntyE2T84D5zJYY.mxl,813,813,28.290282902829027,38.25338253382534,4.674046740467404,0.6150061500615006,28.16728167281673,2.7896678966789668,0.5412054120541205,117,0.03418803418803419,0.008547008547008548,0.9572649572649573,647,0.0030959752321981426,0.09273570324574962
Debussy,Debussy - Suite Bergamasque - I. Prelude,/Users/victor/JuFo2026/15571083/mxl/17/54/QmZy4ZR3YFGv5wffKZpBZCTwDQimjsc3NUUpVJytYbMLEy.mxl,905,905,34.47513812154696,35.91160220994475,9.392265193370166,0.7734806629834254,19.447513812154696,3.3093922651933703,0.6331491712707182,342,0.14619883040935672,0.008771929824561403,0.8450292397660819,796,0.018867924528301886,0.02135678391959799
Debussy,Debussy - Préludes - Book I - I,/Users/victor/JuFo2026/15571083/mxl/7/55/QmPYQ9LpBn5ummY8UPVcMm4TriJDuqogjPT66UB1UTLbSm.mxl,180,180,37.77777777777778,27.22222222222222,4.444444444444445,12.222222222222221,18.333333333333332,3.388888888888889,0.55,22,0.09090909090909091,0.0,0.9090909090909091,152,0.033112582781456956,0.07236842105263158
Debussy,Claude Debussy: La cathédrale engloutie (The Submerged Cathedral),/Users/victor/JuFo2026/15571083/mxl/0/46/Qmaug5pXs59BJq1VTdXhrKAU3DHxRqusrDgXraMS6xDtYk.mxl,531,531,32.39171374764595,43.12617702448211,3.954802259887006,0.0,20.527306967984934,3.470809792843691,0.7250470809792844,23,0.043478260869565216,0.0,0.9565217391304348,440,0.00683371298405467,0.16363636363636364
Debussy,Le petit négre,/Users/victor/JuFo2026/15571083/mxl/8/5/QmQ69pQ8vazfN2JxhjU93N7PhHGGJnG6FYQfCJ1A8462nQ.mxl,404,404,22.277227722772277,15.594059405940595,4.455445544554455,0.0,57.67326732673267,2.047029702970297,0.30198019801980197,84,0.0,0.03571428571428571,0.9642857142857143,387,0.046632124352331605,0.015503875968992248
Debussy,Clair de Lune (easy),/Users/victor/JuFo2026/15571083/mxl/6/54/QmNyaupjnP2L7AgSvjuq5TmDoDhqCJiKhGd8rT9CefbkMY.mxl,89,89,30.337078651685395,56.17977528089888,6.741573033707865,0.0,6.741573033707865,3.404494382022472,0.6741573033707865,17,0.058823529411764705,0.11764705882352941,0.8235294117647058,71,0.014285714285714285,0.056338028169014086
Debussy,Children's Corner - Jimbo's Lullaby,/Users/victor/JuFo2026/15571083/mxl/15/54/QmXyiyQ9XGzMjmE4XWK5qJXdQeDsrsGi9gfLNAcbcFaoyK.mxl,428,428,18.457943925233643,21.962616822429908,3.7383177570093453,3.9719626168224296,51.86915887850467,2.696261682242991,0.6495327102803738,50,0.08,0.06,0.86,316,0.006349206349206349,0.06329113924050633
Debussy,Debussy - Suite Bergamasque - II. Menuet,/Users/victor/JuFo2026/15571083/mxl/9/31/QmRmtC2jScfFwM1wA6Ec2qZaW154XWedsPocpFjAURubTG.mxl,1077,1077,33.89043639740019,28.969359331476323,8.356545961002785,0.5571030640668524,28.226555246053852,2.9619312906220983,0.5905292479108635,390,0.09743589743589744,0.020512820512820513,0.882051282051282,917,0.009825327510917031,0.183206106870229
Debussy,FZW Audition Violin: The girl with the flaxen hair,/Users/victor/JuFo2026/15571083/mxl/3/48/QmdvAGb46C68YnMsKnBNPXYq2CUFk2BSpfhcXcG5CHbwmu.mxl,253,253,37.15415019762846,18.972332015810274,1.9762845849802373,0.0,41.89723320158103,2.450592885375494,0.45454545454545453,60,0.2,0.06666666666666667,0.7333333333333333,224,0.04484304932735426,0.0
Debussy,Mouvement (Images Nr. III) C. Debussy,/Users/victor/JuFo2026/15571083/mxl/9/45/QmRTQoLVCx52KdCkNzy52M1LXrYhfp9W3uPYFSPhrJAnnR.mxl,2048,2048,23.095703125,22.36328125,1.171875,7.666015625,45.703125,3.01025390625,0.720703125,653,0.03215926493108729,0.05666156202143951,0.9111791730474732,1774,0.0056401579244218835,0.12514092446448705
Mozart,Mozart Piano Concerto No. 21 K467 2nd Mvmt (Arr. for 2 pianos),/Users/victor/JuFo2026/15571083/mxl/7/10/QmPAiAnfCj6XrH3ofvRLy5yjCQbidz8WoCAb738C2v2NtQ.mxl,1588,1588,53.589420654911834,15.365239294710328,9.06801007556675,0.5037783375314862,21.4735516372796,3.149874055415617,0.6183879093198993,154,0.22727272727272727,0.006493506493506494,0.7662337662337663,976,0.015384615384615385,0.14651639344262296
Mozart,Sonata No. 16 K 545 3rd Movement,/Users/victor/JuFo2026/15571083/mxl/7/9/QmPaDt5oro5S5MxK47tRyuppCxwhyyTfe5568yRv4494KE.mxl,474,474,25.949367088607595,27.004219409282697,1.2658227848101267,0.8438818565400843,44.936708860759495,1.9936708860759493,0.23839662447257384,129,0.2248062015503876,0.10852713178294573,0.6666666666666666,425,0.025943396226415096,0.007058823529411765
Mozart,Mozart - Piano Sonata No. 18 in D: Allegretto,/Users/victor/JuFo2026/15571083/mxl/4/24/QmeHuDfTaHhXPjjr6F5cyx96o8icjuvQT8uLpFbhoC6iEQ.mxl,1747,1747,24.212936462507155,17.630223239839726,2.003434459072696,0.22896393817973668,55.92444190040069,2.013737836290784,0.34630795649685175,414,0.07246376811594203,0.014492753623188406,0.9130434782608695,1626,0.012923076923076923,0.03936039360393604
Mozart,Mozart flute concerto no.1 in G major kv131,/Users/victor/JuFo2026/15571083/mxl/3/55/QmdYMGrqTuCzem1GiqBkcxscbRqUePf8WJGpS714LzS7MW.mxl,1845,1845,48.45528455284553,19.89159891598916,5.636856368563685,0.0,26.01626016260163,2.56260162601626,0.37994579945799456,469,0.1812366737739872,0.006396588486140725,0.8123667377398721,1325,0.026435045317220542,0.005283018867924529
Mozart,Mozart - Piano Sonata No. 18 in D: Adagio,/Users/victor/JuFo2026/15571083/mxl/11/38/QmTqnWEgQtgEymkGoSgMwHBLxNuXbBwg2EdMUzYDE9jYwY.mxl,927,927,25.674217907227614,22.114347357065803,1.7259978425026967,0.10787486515641855,50.377562028047464,2.2869471413160736,0.41423948220064727,250,0.2,0.048,0.752,824,0.010935601458080195,0.025485436893203883
Mozart,Komm lieber Mai,/Users/victor/JuFo2026/15571083/mxl/2/9/QmcanpWgvkPVJLshBC2JFT9byViifisDyi158smUGQogHX.mxl,67,67,23.88059701492537,22.388059701492537,0.0,0.0,53.73134328358209,1.8059701492537314,0.2537313432835821,34,0.0,0.058823529411764705,0.9411764705882353,62,0.01639344262295082,0.0
Mozart,Andante,/Users/victor/JuFo2026/15571083/mxl/3/50/QmdwwENhYbjxxk4X7DjnVfwCDkfT8FJ6TC4yZtaomd3cZi.mxl,643,643,26.127527216174183,18.35147744945568,3.265940902021773,0.0,52.255054432348366,2.052877138413686,0.39191290824261277,163,0.1656441717791411,0.0,0.8343558282208589,628,0.03189792663476874,0.006369426751592357
Mozart,Polonaise W.A. Mozart,/Users/victor/JuFo2026/15571083/mxl/4/3/Qme4on6zA599C2geDNg188XL745QLUyLZNQWuYNYvqVJn5.mxl,138,138,28.985507246376812,21.014492753623188,4.3478260869565215,0.0,45.65217391304348,2.2681159420289854,0.4782608695652174,43,0.023255813953488372,0.06976744186046512,0.9069767441860465,127,0.023809523809523808,0.0
Mozart,W. A. Mozart Minuet in F Major K5.,/Users/victor/JuFo2026/15571083/mxl/12/19/QmUfTS6K5Js8oBzGHXSD3f8QqxKq2q7yJH5zxG5FzhiHEe.mxl,180,180,8.88888888888889,10.555555555555555,0.0,0.0,80.55555555555556,1.4444444444444444,0.17777777777777778,44,0.18181818181818182,0.022727272727272728,0.7954545454545454,157,0.019230769230769232,0.0
Mozart,Wolfgang Amadeus Mozart - Morgen kommt der Weihnachtsmann,/Users/victor/JuFo2026/15571083/mxl/3/40/QmdrhvsqisvZxSr1wEKJqZpYZYs1JpopTHz1Wp5WLoJ6BS.mxl,1202,1202,24.292845257903494,20.133111480865225,1.6638935108153077,0.24958402662229617,53.660565723793674,2.203826955074875,0.39600665557404324,286,0.16083916083916083,0.027972027972027972,0.8111888111888111,1118,0.0035810205908683975,0.023255813953488372
Mozart,Thème du 1er mouvement de la sonate K.331,/Users/victor/JuFo2026/15571083/mxl/4/42/QmeswnMFsq7kKrfJU2KHcucQ55D1psa3djU7BiYUptXPPR.mxl,36,36,25.0,33.33333333333333,0.0,0.0,41.66666666666667,1.8333333333333333,0.05555555555555555,16,0.125,0.3125,0.5625,30,0.0,0.0
Mozart,W.A. Mozart - Contredanse in A K. 15l,/Users/victor/JuFo2026/15571083/mxl/1/2/Qmb3nWh89rZ5qR7paUjp7MEF6Z4CL65Vchtm7k3S2EYr6G.mxl,96,96,15.625,27.083333333333332,0.0,0.0,57.291666666666664,1.7916666666666667,0.21875,4,0.0,0.0,1.0,82,0.024691358024691357,0.2073170731707317
Mozart,W.A. Mozart - Rondo in F K. 15hh,/Users/victor/JuFo2026/15571083/mxl/2/31/QmcmB7Rvh3DyQJ63EmKEnjxqUzC8toMRd3zk6CrT6mkJyB.mxl,227,227,18.94273127753304,16.740088105726873,2.2026431718061676,0.0,62.11453744493392,1.7709251101321586,0.29955947136563876,81,0.08641975308641975,0.012345679012345678,0.9012345679012346,219,0.04128440366972477,0.0365296803652968
Mozart,Wolfgang Amadeus Mozart - Komm lieber Mai,/Users/victor/JuFo2026/15571083/mxl/7/52/QmPxLJ7CnzLzmnumP9FTcybCHjESQSSgKefE9pjVTzup6W.mxl,119,119,21.008403361344538,18.487394957983195,1.680672268907563,0.0,58.82352941176471,1.8907563025210083,0.31932773109243695,24,0.16666666666666666,0.125,0.7083333333333334,113,0.008928571428571428,0.0
Mozart,Sonate in C KV 330-1.Allegro moderato,/Users/victor/JuFo2026/15571083/mxl/7/42/QmPsb5NL3M1BRGhViY3B6G5kVxEFZQCjH55fKqWdB7Zhr8.mxl,1511,1511,22.17074784910655,15.552614162806089,0.5294506949040371,0.0,61.74718729318332,1.8881535407015222,0.31369953673064194,484,0.2128099173553719,0.01859504132231405,0.768595041322314,1426,0.018947368421052633,0.010518934081346423
Mozart,KV 80 Piano,/Users/victor/JuFo2026/15571083/mxl/3/6/Qmd7Yxc9yCJrsVqgsRTPyfLjapnTvQ6XnXpKMGUDB8ZD7R.mxl,486,486,48.971193415637856,21.604938271604937,4.320987654320987,0.0,25.102880658436217,2.5534979423868314,0.3868312757201646,90,0.28888888888888886,0.05555555555555555,0.6555555555555556,400,0.022556390977443608,0.0025
Mozart,W.A. Mozart - Minore in A minor K. 15k,/Users/victor/JuFo2026/15571083/mxl/4/12/QmeBuVqPpzPMfzif2cCpt7MZXo2YaYcUot4zrmNTn8F4JF.mxl,86,86,24.418604651162788,31.3953488372093,2.3255813953488373,0.0,41.86046511627907,1.9186046511627908,0.2441860465116279,18,0.2222222222222222,0.0,0.7777777777777778,78,0.025974025974025976,0.038461538461538464
Mozart,Wolfgang Amadeus Mozart - Polonaise,/Users/victor/JuFo2026/15571083/mxl/13/3/QmV46nwkLq5hTefpZx1xYyNGKVc5b3C9j6JcGYjeYkfmTS.mxl,138,138,29.71014492753623,19.565217391304348,5.797101449275362,0.0,44.927536231884055,2.253623188405797,0.463768115942029,43,0.023255813953488372,0.06976744186046512,0.9069767441860465,127,0.007936507936507936,0.0
Mozart,W. A. Mozart Minuet in G Major K1e.,/Users/victor/JuFo2026/15571083/mxl/10/43/QmSSZAHjALT7zf8hpZpLFXaBHB9ytuBETs4QbhvYDFSAaa.mxl,138,138,31.88405797101449,36.95652173913043,0.0,0.0,31.15942028985507,1.963768115942029,0.14492753623188406,62,0.08064516129032258,0.03225806451612903,0.8870967741935484,117,0.0,0.06837606837606838
Mozart,Mozart Piano Sonata No. 10 in C major- 3rd Movement,/Users/victor/JuFo2026/15571083/mxl/11/10/QmTASjPmcHiPq3aLyHygoWKbwxCe9rXXDuhqiN4q6LmBCb.mxl,1401,1401,26.552462526766597,17.20199857244825,0.9992862241256246,0.0,55.24625267665952,1.92005710206995,0.2505353319057816,296,0.22635135135135134,0.013513513513513514,0.7601351351351351,1265,0.011075949367088608,0.007905138339920948
Mozart,Mozart - Sonata in Bb K 570 Movement I,/Users/victor/JuFo2026/15571083/mxl/11/1/QmT2Fednhnpvwp5DLd9xYTLnufWm4AT1Aqk5BVn4kZuoXs.mxl,1397,1397,23.83679312813171,16.821760916249104,1.288475304223336,0.0,58.05297065139585,1.9477451682176092,0.3006442376521117,331,0.1540785498489426,0.03625377643504532,0.8096676737160121,1293,0.013157894736842105,0.04021655065738593
Mozart,W. A. Mozart Allegro in Bâ Major K3.,/Users/victor/JuFo2026/15571083/mxl/7/23/QmPh9E2SVDigz7bhQx3CqCFNxD33a9G5uFVGWf2536dG7J.mxl,99,99,29.292929292929294,38.38383838383838,0.0,0.0,32.323232323232325,1.797979797979798,0.09090909090909091,36,0.027777777777777776,0.05555555555555555,0.9166666666666666,82,0.037037037037037035,0.0
Mozart,Mozart Flute Quartet in D For Flute and Piano K285,/Users/victor/JuFo2026/15571083/mxl/8/25/QmQi6RkK5b4Nxi8sQM9SMBqRBB4yr4Sgy7Vg2EV2azMtLA.mxl,1165,1165,40.257510729613735,22.23175965665236,2.575107296137339,0.0,34.93562231759657,2.378540772532189,0.384549356223176,231,0.1038961038961039,0.025974025974025976,0.8701298701298701,857,0.02219626168224299,0.07117852975495916
Mozart,W.A. Mozart: Menuet,/Users/victor/JuFo2026/15571083/mxl/17/10/QmZAwpKVi1GH5jQTXkgiM2G6DtS5GsAoDB6WuJY6MpmLhy.mxl,90,90,24.444444444444443,21.11111111111111,0.0,0.0,54.44444444444444,1.7444444444444445,0.17777777777777778,25,0.0,0.2,0.8,76,0.013333333333333334,0.0
Mozart,Mozart - Minuet & Trio - K. 1,/Users/victor/JuFo2026/15571083/mxl/5/14/QmfCULDvejZyShSRANTgFLGt4TudSaWNcuAfbV89RhdFPP.mxl,337,337,30.267062314540063,36.49851632047478,0.0,0.0,33.23442136498516,1.910979228486647,0.142433234421365,148,0.08108108108108109,0.013513513513513514,0.9054054054054054,295,0.0,0.05084745762711865
Mozart,Mozart: Minuet in F Major (K2) (easy),/Users/victor/JuFo2026/15571083/mxl/0/18/QmaENucP3iVPGGeUtgdj959VJEx116ke3SYH4X5s993nhN.mxl,93,93,21.50537634408602,21.50537634408602,0.0,0.0,56.98924731182796,1.6989247311827957,0.17204301075268819,24,0.0,0.20833333333333334,0.7916666666666666,76,0.013333333333333334,0.0
Mozart,Mozart - Lacrimosa (from the Requiem in D minor),/Users/victor/JuFo2026/15571083/mxl/2/18/QmcEUzb7QMJeTCwi57Q6nN4vT9UW6h66gMkLFW62VoDyuo.mxl,349,349,30.659025787965614,28.653295128939828,11.74785100286533,1.7191977077363898,27.22063037249284,2.842406876790831,0.5415472779369628,25,0.0,0.0,1.0,324,0.0030959752321981426,0.05864197530864197
Mozart,Mozart Sonata No.8 KV.310 1st,/Users/victor/JuFo2026/15571083/mxl/16/28/QmYkwGqdPV2gFv7GS3Lv59K6pvwbH7tzEbp2uPFvzBzFzz.mxl,1856,1856,27.96336206896552,26.77801724137931,5.334051724137931,1.6163793103448276,38.30818965517241,2.5307112068965516,0.4665948275862069,508,0.1220472440944882,0.003937007874015748,0.8740157480314961,1610,0.01305158483530143,0.06397515527950311
Mozart,Turkish March,/Users/victor/JuFo2026/15571083/mxl/9/13/QmRc72qvsdoJZcp9zVjKXy7qskvXtMCpxjhp59DreLwzv4.mxl,120,120,30.0,30.0,0.8333333333333334,3.3333333333333335,35.833333333333336,2.3333333333333335,0.375,40,0.1,0.0,0.9,112,0.06306306306306306,0.0625
Mozart,Török induló,/Users/victor/JuFo2026/15571083/mxl/7/39/QmPQMitaGzGvcaVjepEB42qdeo7ntvxkSt2Va2opYZrkU7.mxl,153,153,30.718954248366014,24.18300653594771,0.6535947712418301,2.6143790849673203,41.830065359477125,2.2679738562091503,0.35294117647058826,43,0.09302325581395349,0.0,0.9069767441860465,144,0.04895104895104895,0.1111111111111111
Mozart,Musikalisches Würfelspiel K.516f,/Users/victor/JuFo2026/15571083/mxl/13/22/QmVG74s7jJqPF6hpNVRL5cC1ZrTKHskVunsiYikJnKSj2j.mxl,838,838,45.704057279236274,12.291169451073985,1.3126491646778042,0.0,40.692124105011935,2.094272076372315,0.21121718377088305,173,0.08092485549132948,0.005780346820809248,0.9132947976878613,719,0.002785515320334262,0.0
Mozart,Burlesque - G Major,/Users/victor/JuFo2026/15571083/mxl/10/10/QmSAKUUM14Kdbhn8ZnsfvWjpoHGojgfpRLVPPUx9cfaTxa.mxl,93,93,25.806451612903224,27.956989247311824,0.0,0.0,46.236559139784944,1.7096774193548387,0.06451612903225806,31,0.1935483870967742,0.0967741935483871,0.7096774193548387,54,0.0,0.0
Mozart,W. A. Mozart Minuet in C Major K1f.,/Users/victor/JuFo2026/15571083/mxl/11/16/QmTDBFbPLYF24o8ihUjDJ5XUYpstJj2VexoBQovTLXXNsS.mxl,74,74,39.189189189189186,37.83783783783784,0.0,0.0,22.972972972972975,2.2027027027027026,0.21621621621621623,37,0.08108108108108109,0.05405405405405406,0.8648648648648649,61,0.0,0.0
Mozart,Allegro Molto in C Major - W.A. Mozart,/Users/victor/JuFo2026/15571083/mxl/8/53/QmQXVBQ8xdqEuUQqnamgZGtA7Z9N6qXQniVYRXmsPeQBme.mxl,1790,1790,13.40782122905028,14.30167597765363,0.33519553072625696,0.0,71.95530726256983,1.6150837988826816,0.21955307262569831,476,0.15546218487394958,0.004201680672268907,0.8403361344537815,1709,0.02107728337236534,0.003510825043885313
Mozart,Arie des Papageno,/Users/victor/JuFo2026/15571083/mxl/7/53/QmPXeDX6QxMNPHCNDoUGUkTYf5ZnHaBELsYHu1YyLfEk9Z.mxl,154,154,31.16883116883117,23.376623376623375,0.0,0.0,45.45454545454545,1.9870129870129871,0.2792207792207792,27,0.3333333333333333,0.037037037037037035,0.6296296296296297,141,0.04285714285714286,0.0070921985815602835
Mozart,Mozart: Tuba Mirum,/Users/victor/JuFo2026/15571083/mxl/1/4/Qmb5A9LjUaLuQmCeHjqWDwhU5yLkV2C3pJ4UmK8b5FrG71.mxl,83,83,0.0,0.0,0.0,0.0,100.0,1.0,0.0,0,,,,80,0.0379746835443038,0.0
