composer_label,title,mxl_path,note_count,pitch_range_semitones,avg_melodic_interval,conjunct_motion_ratio,pitch_class_entropy,melodic_interval_std,melodic_leap_ratio,voice_independence_index,contrary_motion_ratio,parallel_motion_ratio,oblique_motion_ratio
Bach,J. S. Bach: Little Prelude in C Major BWV 924,/Users/victor/JuFo2026/15571083/mxl/0/16/QmaDct1x6hnFgV8BFMLGzUKCd7DkNHm96Udwix7AW3pDva.mxl,325,41.0,4.8201754385964914,0.22807017543859648,3.06891942952141,2.89253970312139,0.7675438596491229,0.16666666666666666,0.3333333333333333,0.16666666666666666,0.5
Bach,Bach's chorale harmonisations 241-371 (Breitkopf numbering no text),/Users/victor/JuFo2026/15571083/mxl/17/35/QmZoWXdZkvuavKpPnFchpZmC6NJZzsfADtE4uzUdH929oU.mxl,30349,45.0,5.076579406631763,0.24397905759162303,3.430911881943172,3.1282643531582868,0.7322164048865619,-0.29411764705882354,0.29411764705882354,0.5882352941176471,0.11764705882352941
Bach,J. S. Bach - Fugue in C Major BWV 846 WTC 1 (real audio),/Users/victor/JuFo2026/15571083/mxl/11/27/QmTJYYLf7PaqwbZ4h3tQ4eDnGnX9gG1SBDaKjiixKp2gD2.mxl,783,44.0,4.113378684807256,0.4308390022675737,3.0987417389476137,3.1429765726801735,0.5396825396825397,-0.22727272727272727,0.2727272727272727,0.5,0.22727272727272727
Bach,Prelude No. 2 BWV 847 in C Minor,/Users/victor/JuFo2026/15571083/mxl/8/31/QmQmxCfft8FrQC5YyRdnucv3SypmxbVBrGDm1WwGwAZeoq.mxl,1125,44.0,3.709949409780776,0.49072512647554806,3.2088375685538444,3.1451966371185995,0.5042158516020236,0.1111111111111111,0.25,0.1388888888888889,0.6111111111111112
Bach,Bach's chorale harmonisations 1-120 (Breitkopf numbering no text),/Users/victor/JuFo2026/15571083/mxl/2/10/QmcAcXxP8kmmTdw8pn8xvHfrb2L5GrCqd5uQ44ETsDXusi.mxl,27115,45.0,4.951200619674671,0.2359411309062742,3.459990581716274,2.9492119283770393,0.7436096049573974,-0.21428571428571427,0.2857142857142857,0.5,0.21428571428571427
Bach,Bach Fugue in C-Major (from Toccata Adagio and Fugue in C Major for Organ BWV 564) arr. for piano,/Users/victor/JuFo2026/15571083/mxl/10/53/QmSXZREKKbbZGL9o7rXGFXub3ZyKFp2ExUaLncjNAdByZX.mxl,4247,77.0,6.597424179476527,0.17573743248857499,3.077381423834719,4.066792982691453,0.8109680099709181,-0.5172413793103449,0.13793103448275862,0.6551724137931034,0.20689655172413793
Bach,Chorale harmonisations from various vocal works by Bach,/Users/victor/JuFo2026/15571083/mxl/0/40/QmarstozgAPFGWKQtmATXsmdsBCJ5aytRngSr9harJS2vW.mxl,11283,41.0,4.967907330041777,0.22977592100265856,3.338766007552704,3.1115352179599114,0.7415495632358526,-0.17647058823529413,0.35294117647058826,0.5294117647058824,0.11764705882352941
Bach,J. S. Bach - Invention No. 5 in Eb-Major BWV 776 (real audio),/Users/victor/JuFo2026/15571083/mxl/2/21/QmcgPrR41ikm5Ci6ABVf4r58KCVov3VKepGZTgAnGRCoPD.mxl,738,45.0,2.6572237960339944,0.6855524079320113,3.180075798582813,2.354866024301224,0.3031161473087819,0.5,0.6875,0.1875,0.125
Bach,Bach: Little Prelude in C major BWV 933,/Users/victor/JuFo2026/15571083/mxl/0/4/Qma58kekAvv9TsecniR4ja9nDEv3GD4os1aDq9r8ZfzvD8.mxl,389,48.0,3.278969957081545,0.44635193133047213,2.957682576657175,2.2243935883757837,0.5364806866952789,0.24,0.4,0.16,0.44
Bach,Bach Prelude in C-Major (from Toccata Adagio and Fugue in C Major for Organ BWV 564) arr. for piano,/Users/victor/JuFo2026/15571083/mxl/4/38/QmeqFD5GdewkgSzD8TPnhrwqApfHwqhp54bygLi9A22Wd5.mxl,3867,79.0,6.505452821242295,0.23423423423423423,3.188665659921324,4.8563620043002995,0.7586533902323376,-0.6938775510204082,0.14285714285714285,0.8367346938775511,0.02040816326530612
Bach,Fantasie und Fuge,/Users/victor/JuFo2026/15571083/mxl/13/36/QmVpXy2P42TYWQ7zBtWVk7dZmFv8QBmz7dhAaSjjggdAHw.mxl,3429,48.0,4.2613466334164585,0.3975062344139651,3.287738263967549,3.61467322530413,0.5561097256857855,-0.2,0.4,0.6,0.0
Bach,J.S. Bach Nun freut euch lieben Christen Arrt F. Busoni,/Users/victor/JuFo2026/15571083/mxl/16/1/QmY2WMwzrxQuDxX7JybHjSaiQH95z2ASWp55srpAa97MWG.mxl,2067,53.0,2.409090909090909,0.8158307210031348,3.0500096385011375,2.2217319604221486,0.1700626959247649,-0.8,0.06666666666666667,0.8666666666666667,0.06666666666666667
Bach,Bach's chorale harmonisations 121-240 (Breitkopf numbering no text),/Users/victor/JuFo2026/15571083/mxl/12/16/QmUDcPN9uYUGpqmLK4Lx1FL6kkNidYPfNwrZJrwb4DhFpT.mxl,28768,43.0,4.578764078245406,0.29045643153526973,3.364483703666016,2.9308908299298504,0.6832394783639597,0.15789473684210525,0.47368421052631576,0.3157894736842105,0.21052631578947367
Bach,Bach js capriccio bwv 992,/Users/victor/JuFo2026/15571083/mxl/11/48/QmTvJh1vZRJXz5St8CwcgBRSUvuw84jPyMCksH31x6shJf.mxl,2811,48.0,5.258006042296072,0.256797583081571,3.1640538612691005,4.283378358621321,0.627190332326284,-0.2,0.26666666666666666,0.4666666666666667,0.26666666666666666
Bach,J.S. Bach Partita No.3 1. Fantasia BWV 827,/Users/victor/JuFo2026/15571083/mxl/12/5/QmU69NWXPs3JghtSsoqNjW2YBUS5HJepCEEnb14xZ4B4m6.mxl,1090,48.0,3.504105090311987,0.41707717569786534,3.248586961069008,2.6330723833856418,0.555008210180624,0.5,0.6666666666666666,0.16666666666666666,0.16666666666666666
Bach,Minuet in F Major BWV 116 Anh. 113 by JS Bach,/Users/victor/JuFo2026/15571083/mxl/17/30/QmZLB5s1pGDSPhmWx5Zwkt1APsVUQpbvyEqwvi9WP1xxzF.mxl,259,44.0,2.7658227848101267,0.5886075949367089,3.016968903551625,2.108355053563302,0.3670886075949367,0.0,0.15384615384615385,0.15384615384615385,0.6923076923076923
Bach,Preludio I J S Bach Czerny,/Users/victor/JuFo2026/15571083/mxl/13/19/QmVf4NvWmiKAsctGpvYeUEtEV9t92SVTuMuXtswBFYMHr9.mxl,637,45.0,6.0225225225225225,0.04279279279279279,3.091461328457979,3.289956999765126,0.9572072072072072,-0.3333333333333333,0.2,0.5333333333333333,0.26666666666666666
Bach,J.S. Bach Choralvorspiel Ich ruf' zu dir Herr BWV 639 (Arrt F. Busoni),/Users/victor/JuFo2026/15571083/mxl/4/23/QmehfxKmagAUes7CGojrhYeWmDZJr89mp6WtJAcZLhHrJi.mxl,894,49.0,5.4908675799086755,0.2191780821917808,3.147101602219808,3.556928883590666,0.7648401826484018,0.34782608695652173,0.4782608695652174,0.13043478260869565,0.391304347826087
Bach,Bach Violin Concerto in A minor BWV 1041,/Users/victor/JuFo2026/15571083/mxl/16/9/QmYagSHmxZDVqj8bw47RDNo8GnqrE1SHucUmwQdnuBYcNA.mxl,2787,62.0,5.097102584181676,0.45262333594361787,3.2759554004807043,4.985488674293091,0.5050900548159749,0.2,0.3,0.1,0.6
Bach,Prelude BWV 1006,/Users/victor/JuFo2026/15571083/mxl/15/20/QmXF1zqjqvJWwJQX2uJgqKZPzcnB4x5UM8VAEmU2WQtsTY.mxl,1742,32.0,5.625502584721424,0.2981045376220563,3.16424888039231,4.649818120079645,0.6726019529006318,,,,
Bach,Fuga 1 in C - Dur BWV 846 J.S Bach,/Users/victor/JuFo2026/15571083/mxl/6/47/QmNUb9naFC7iTu4pG8qErcXarTucy5V6jiGEWqKvjvBHXP.mxl,787,44.0,4.101809954751131,0.4276018099547511,3.099753927030784,3.1488051860395254,0.5407239819004525,-0.21739130434782608,0.2608695652173913,0.4782608695652174,0.2608695652173913
Bach,Bach Fugue in G Minor BWV 542 (Piano solo),/Users/victor/JuFo2026/15571083/mxl/4/31/QmemwP73tZHAVDyP81DutePDjdXsPWVJr1iFD86THdinmA.mxl,3655,58.0,5.248699763593381,0.2718676122931442,3.2103301851384622,3.7236185611334993,0.7106382978723405,0.0,0.23333333333333334,0.23333333333333334,0.5333333333333333
Bach,Brandenburg Concerto No. 3 (Solo Piano Arrangement),/Users/victor/JuFo2026/15571083/mxl/14/43/QmWS6iQn5AP8dLqcUhfuQL9ngrHrZ9DWxbgQKvE2zSdEZ5.mxl,5764,61.0,3.8307593307593306,0.4527027027027027,3.2415841055508516,3.08278001616236,0.5337837837837838,-0.14285714285714285,0.35714285714285715,0.5,0.14285714285714285
Bach,J. S. Bach - Invention No. 15 in B-minor BWV 786 (real audio),/Users/victor/JuFo2026/15571083/mxl/10/28/QmSkpv88AXBwfQVSki4Lja1uAi1SiabTExoBT7fJmkVgyd.mxl,478,47.0,3.0881226053639845,0.5823754789272031,3.1888129226615964,2.638481204296838,0.3793103448275862,-0.2,0.4,0.6,0.0
Bach,Bach Toccata and Fugue in D Minor (Piano solo),/Users/victor/JuFo2026/15571083/mxl/3/0/Qmd1eQ3eecd9ZnMkV1YLLmJtWnLGNNBN3nUXzQkKXwmG2h.mxl,4173,66.0,5.030022075055188,0.2560706401766004,3.2370502258553024,3.758607986355811,0.7245033112582782,-0.24489795918367346,0.3469387755102041,0.5918367346938775,0.061224489795918366
Bach,Fugue in E Minor BWV 914 By Johann Sebastian Bach,/Users/victor/JuFo2026/15571083/mxl/0/16/QmaDECJnBTDT8H7Zx2Zvw9QJgD7m17qsxxEkRXKKUkvGfT.mxl,1823,44.0,5.799111111111111,0.24177777777777779,3.2419628481356364,4.040747907791451,0.7422222222222222,-0.05555555555555555,0.3888888888888889,0.4444444444444444,0.16666666666666666
Bach,BWV 807: The English Suites II Prelude,/Users/victor/JuFo2026/15571083/mxl/16/57/QmYZQ4BkXea1hyd1SMUCoaQ4DSeAVzt9JEWQMMvbdKBQG9.mxl,3103,48.0,4.084978070175438,0.39089912280701755,3.2314776428415946,3.5677825868791926,0.5926535087719298,-0.05263157894736842,0.21052631578947367,0.2631578947368421,0.5263157894736842
Bach,Johann Sebastian Bach - Invention No. 13 in A minor BWV 784 for Piano - BreezePiano,/Users/victor/JuFo2026/15571083/mxl/12/11/QmUbCP81miGkFzFSk3cTqCXyNV4psQm4UM33sjmc4Twpae.mxl,573,46.0,4.029126213592233,0.16828478964401294,3.1789180284023155,2.3680299624717547,0.8025889967637541,-0.3333333333333333,0.3333333333333333,0.6666666666666666,0.0
Bach,J.S. Bach Choralvorspiel ''Nun komm' der Heiden Heiland'' (Arrt F. Busoni),/Users/victor/JuFo2026/15571083/mxl/14/41/QmWRmbHPfLzyWCuPghYb4XdPDoBGbFRFLMMxHTsfJy92FW.mxl,1268,60.0,4.84065934065934,0.36675824175824173,3.0898984284040827,4.047709378601871,0.570054945054945,0.0,0.20588235294117646,0.20588235294117646,0.5882352941176471
Bach,Minuets in G Major and G Minor,/Users/victor/JuFo2026/15571083/mxl/2/50/Qmcw8jEKt8NUmu11gUJTCo3wGeEw5bZNi43d6o25wDhb4d.mxl,716,62.0,6.129441624365482,0.29441624365482233,3.2491489313224564,4.444924807126497,0.6751269035532995,-0.8333333333333334,0.0,0.8333333333333334,0.16666666666666666
Bach,Ich steh an deiner Krippen hier,/Users/victor/JuFo2026/15571083/mxl/17/34/QmZN67wShmVnyRMrvhDUkmG3TWof2uxzrntwFVEn4ynkPm.mxl,214,39.0,3.0267857142857144,0.45535714285714285,2.819068948262351,2.1976441177696056,0.49107142857142855,-0.2857142857142857,0.2857142857142857,0.5714285714285714,0.14285714285714285
Chopin,Frédéric Chopin: Étude in A minor Op.25 No.11 Winter Wind,/Users/victor/JuFo2026/15571083/mxl/2/21/QmcgjQVzWTS3bA51emSjoVANNB8B6uCZ6mQMA5qG7jbKWD.mxl,3184,77.0,5.855860612460401,0.08130939809926083,3.434358722656958,3.0302635747089495,0.909714889123548,-0.10344827586206896,0.3103448275862069,0.41379310344827586,0.27586206896551724
Chopin,Chopin Ballad No. 3 (Piano solo),/Users/victor/JuFo2026/15571083/mxl/3/5/Qmd67WvFZb7WTWP7zGHcQ3mCJLZEUoiMkqMtvPG8LuMN19.mxl,4734,77.0,6.635769230769231,0.14884615384615385,3.3784834571390197,4.345115447768663,0.823076923076923,0.15789473684210525,0.3684210526315789,0.21052631578947367,0.42105263157894735
Chopin,Frédéric Chopin: Étude in D-flat major Op.25 No.8 Sixths,/Users/victor/JuFo2026/15571083/mxl/17/19/QmZff9fTcDAENh43naGPWS3mKEXGMWprjpmkvmrmiqU8ED.mxl,1552,67.0,8.598809523809523,0.010714285714285714,3.1862805863300814,2.3709046920863175,0.9892857142857143,-0.2727272727272727,0.36363636363636365,0.6363636363636364,0.0
Chopin,Frédéric Chopin: Étude in F major Op.10 No.8 Sunshine,/Users/victor/JuFo2026/15571083/mxl/3/8/Qmd9krjmxX9dD9aR8S4M2gGMghqyBKFyDGzNgmBvSG7zLU.mxl,2324,76.0,3.5168453292496173,0.5520673813169985,3.2094239729258636,2.9851764196311716,0.4318529862174579,-0.4,0.26666666666666666,0.6666666666666666,0.06666666666666667
Chopin,Scherzo No.2 (F.Chopin Op.31),/Users/victor/JuFo2026/15571083/mxl/17/37/QmZPydoNzGhD9TTqqsZ4h4f36eR6z2bcokeNu7pG5hUScE.mxl,6670,77.0,5.635540287320425,0.273579013116802,3.4137360111425137,5.1776581104626,0.6695815115552779,-0.38095238095238093,0.14285714285714285,0.5238095238095238,0.3333333333333333
Chopin,Frédéric Chopin: Prelude in G-sharp minor Op.28 No.12,/Users/victor/JuFo2026/15571083/mxl/4/1/Qme2p6FB8XxVyrWPk4bcggeTNh7QW28tukHSeJGCZaXyZY.mxl,1264,55.0,4.874189364461738,0.07133592736705577,3.358814246549487,3.5925409771236163,0.74189364461738,-0.2,0.4,0.6,0.0
Chopin,Frédéric Chopin: Prelude in B-flat minor Op.28 No.16,/Users/victor/JuFo2026/15571083/mxl/2/39/QmcQoygH7hjNEjjC1zEwfc6AZm9tAGMrb2wbxLiCphymsP.mxl,1199,74.0,2.694019471488178,0.7273991655076495,3.3459221939259574,2.910028768271211,0.2726008344923505,-1.0,0.0,1.0,0.0
Chopin,Frédéric Chopin: Étude in F minor Op.25 No.2 The Bees,/Users/victor/JuFo2026/15571083/mxl/8/9/QmQagsBqLF4aH3h6PqPQyphvusDzyvv6WUffymN5mx8MUE.mxl,1207,50.0,2.0098280098280097,0.7874692874692875,3.2088984619285905,1.682370423149923,0.20884520884520885,0.0,0.18181818181818182,0.18181818181818182,0.6363636363636364
Chopin,Waltz in B minor,/Users/victor/JuFo2026/15571083/mxl/14/38/QmWqwAqr8yGcvHzHU6tyLhF2YL6551xx84brEx7uYoK4Z7.mxl,1632,55.0,3.4756277695716395,0.40029542097488924,3.094811041222874,2.9752419705223896,0.5214180206794683,-0.16666666666666666,0.0,0.16666666666666666,0.8333333333333334
Chopin,Frédéric Chopin: Prelude in E minor Op.28 No.4,/Users/victor/JuFo2026/15571083/mxl/0/33/QmanzCS7875c3wuXfewZKx3qARMdn6GvcwJfQ15QGmxQ6n.mxl,606,56.0,2.488095238095238,0.5714285714285714,3.2255144033361214,2.616313507950086,0.30952380952380953,-0.23076923076923078,0.0,0.23076923076923078,0.7692307692307693
Chopin,Frédéric Chopin - Nocturne n20 (posthume) en Do dièse mineur 'Réminiscence',/Users/victor/JuFo2026/15571083/mxl/16/36/QmYpFcJ2vAEborj9CqHbuuhdp3KA6KfpaMqaQ9eUep73rF.mxl,170,44.0,3.08955223880597,0.6268656716417911,3.0004495390952535,3.1892138332411606,0.31343283582089554,-0.14285714285714285,0.047619047619047616,0.19047619047619047,0.7619047619047619
Chopin,Douze Études op. 25 (full),/Users/victor/JuFo2026/15571083/mxl/15/6/QmX7FqRKaQ9rxcr6jHhSxUVnvwCPhssmEKuxRu1rmWsoEw.mxl,24956,77.0,6.397864470653919,0.12464233372880174,3.5470979048658924,4.072214134103895,0.8368343917928676,-0.05325443786982249,0.10059171597633136,0.15384615384615385,0.7455621301775148
Chopin,Nocturne (F.Chopin Op.55. No.2),/Users/victor/JuFo2026/15571083/mxl/15/11/QmXbFWcmEEAe6iErN3yVdL21iXXPk6yktQihaoYcjeMW8s.mxl,1552,67.0,3.5545685279187818,0.5253807106598984,3.346754102653455,3.694325040408217,0.38451776649746194,0.009433962264150943,0.04716981132075472,0.03773584905660377,0.9150943396226415
Chopin,Chopin Ballade No. 1 (Complete) Piano solo,/Users/victor/JuFo2026/15571083/mxl/9/48/QmRvks9HDbqarYwbzWSwjUo7M7AsWZgpBik988QLyhGCQ8.mxl,5259,75.0,5.243985089800068,0.23585225347339886,3.4486832831298173,4.222157217274351,0.6912910877668587,0.0,0.23880597014925373,0.23880597014925373,0.5223880597014925
Chopin,Minute Waltz,/Users/victor/JuFo2026/15571083/mxl/11/26/QmTjD7qrdZCaNYy77zdiBjVy3NKkS1bbyj4LvTyivfZTPW.mxl,1212,65.0,3.5595054095826892,0.615146831530139,3.01442317896061,4.083642311866826,0.3554868624420402,0.0,0.07692307692307693,0.07692307692307693,0.8461538461538461
Chopin,Waltz A Minor (W/Live Recording) Opus Posth. B. 150 - F.F. Chopin,/Users/victor/JuFo2026/15571083/mxl/3/29/QmdKexEC1RtbrJmgpxrcWmFau7mp4q3EqCBHfB7KRVfNH9.mxl,627,67.0,2.6525096525096523,0.6756756756756757,3.094946553814748,2.69614759395001,0.25868725868725867,-0.08333333333333333,0.0,0.08333333333333333,0.9166666666666666
Chopin,Nocturne (F.Chopin Op.72. No.1),/Users/victor/JuFo2026/15571083/mxl/8/21/QmQgh5FieDx21wumrAaDFSzK6vANwpsT8nQkehcXwWuBDB.mxl,1235,65.0,4.087813620071684,0.34946236559139787,3.204717638452691,3.8916087312618988,0.5716845878136201,-0.05454545454545454,0.045454545454545456,0.1,0.8545454545454545
Chopin,Chopin Prélude No. 25 in C Minor Opus 45,/Users/victor/JuFo2026/15571083/mxl/5/34/QmfNseniSwST8r2CM6MKccHfJ4BB5rEu1MiZdmrP9kh2q2.mxl,1403,75.0,6.101651842439645,0.19695044472681067,3.5359650322369456,4.6473979073817215,0.7407878017789072,-0.8571428571428571,0.0,0.8571428571428571,0.14285714285714285
Chopin,Chopin - Waltz in A Minor (Piano Solo),/Users/victor/JuFo2026/15571083/mxl/17/36/QmZpiR4dVBt5Wo6p6r3XWL8pSmzZ6bAUF9xfwDJfNHqBur.mxl,183,36.0,2.5596330275229358,0.6422018348623854,2.9323207163007385,2.3203574252531727,0.27522935779816515,0.16666666666666666,0.16666666666666666,0.0,0.8333333333333334
Chopin,Frédéric Chopin: Prelude in F major Op.28 No.23,/Users/victor/JuFo2026/15571083/mxl/7/47/QmPUyKD5Kmw2KAExu3bqXJCffS3UUaPtU1erBRwJZyaRAT.mxl,509,65.0,4.0491329479768785,0.2254335260115607,2.801121685479015,2.6250046737554826,0.7745664739884393,-0.2222222222222222,0.2777777777777778,0.5,0.2222222222222222
Chopin,F. Chopin - Mazurka in D-Flat Major Op. 30: No. 3,/Users/victor/JuFo2026/15571083/mxl/12/28/QmUkagEb3mJWASbpfehGiouwogp2zz6t6jDRCA3m5qnfdq.mxl,1027,59.0,5.287003610108303,0.19494584837545126,3.387679709160654,3.367225348133582,0.7581227436823105,0.0,0.2,0.2,0.6
Chopin,Chopin Nocturne in D-Flat Major Op. 27 No. 2,/Users/victor/JuFo2026/15571083/mxl/15/33/QmXnhQJy7fQLcWkcmFj1kGJtgEZrmCWgc4pHsFrFUd5xb9.mxl,1872,70.0,4.991434689507495,0.26124197002141325,3.3001746070542044,3.8834645724063157,0.6820128479657388,-0.018867924528301886,0.03773584905660377,0.05660377358490566,0.9056603773584906
Chopin,Chopin Ballade No. 2 (Piano solo),/Users/victor/JuFo2026/15571083/mxl/4/7/Qme88a7Fvz73EWc6i6ba61XjfTNxj1cJPeZBRsh1EGqVrC.mxl,4219,74.0,5.737443854634544,0.09432421396488362,3.415569298824616,3.4076617488748497,0.8607594936708861,-0.17857142857142858,0.07142857142857142,0.25,0.6785714285714286
Chopin,F. Chopin - Marche funèbre in C Minor Op. 72,/Users/victor/JuFo2026/15571083/mxl/16/5/QmY6mqCKaHEkaxGNsPYpUTmNATKcGFjvN8zVjmmAd5oVZo.mxl,1277,53.0,7.054161162483488,0.12285336856010567,3.0831031724878413,4.21934580070367,0.8480845442536328,-0.6,0.2,0.8,0.0
Chopin,Frédéric Chopin: Prelude in C minor Op.28 No.20,/Users/victor/JuFo2026/15571083/mxl/2/13/QmccyTuSVcX3X4QAgMqXVEhXdkGEfEebqXMQpFXYFxqqKk.mxl,286,51.0,6.081081081081081,0.08648648648648649,3.1618288442614997,3.5684683547470706,0.9081081081081082,-0.25,0.25,0.5,0.25
Chopin,12 ÉTUDES OP 10 NO 4,/Users/victor/JuFo2026/15571083/mxl/3/37/QmdPjReRn2xf8pU9pyEGDf2k3VqmV7jaQEDAxo2E5rAzKD.mxl,2253,75.0,4.899422918384172,0.3586150041220115,3.4420830743353457,3.996054277739124,0.6158285243198681,-0.13333333333333333,0.3333333333333333,0.4666666666666667,0.2
Chopin,Etude Op.10 No.11 in e major Arpeggio Chopin,/Users/victor/JuFo2026/15571083/mxl/0/49/QmaV5rqBXD2utFkc2XYtmscsoqxwcdCwQgwxzwrCDjJWxR.mxl,1984,65.0,8.989806320081549,0.039755351681957186,3.3730228242017164,4.425380655742163,0.9582059123343527,0.0,0.25,0.25,0.5
Chopin,Chopin Ballade No. 4 (Piano solo),/Users/victor/JuFo2026/15571083/mxl/12/28/QmUkCd5kX3tLNtrCNzmMgNSLJ7GGFsjfGbMBsNgq7612ox.mxl,6277,77.0,5.507801000883132,0.2210774212540477,3.448091695743538,3.9716778921773184,0.74241978216073,-0.17045454545454544,0.06818181818181818,0.23863636363636365,0.6931818181818182
Chopin,Frédéric Chopin: Fantaisie-impromptu in C-sharp minor Op.66,/Users/victor/JuFo2026/15571083/mxl/17/13/QmZcUwdJEKU3DXk6fWYRkzTJ1UCC3JUxpgHymdEa2bYtpW.mxl,3068,69.0,4.788895668090299,0.4179377669310555,3.198874444183923,4.111692423171937,0.5576571079926784,-0.10344827586206896,0.10344827586206896,0.20689655172413793,0.6896551724137931
Chopin,Grande Valse Brillante Op. 18 Analysis,/Users/victor/JuFo2026/15571083/mxl/9/8/QmR9uamCGLTop6GLTVCsVF9Cp3CNkC4G3HbTVrbWn5YB1S.mxl,3578,72.0,4.081191588785047,0.290303738317757,3.200265293191401,3.852699197118905,0.5350467289719626,0.25,0.3333333333333333,0.08333333333333333,0.5833333333333334
Chopin,Frédéric Chopin - Waltz in A minor B. 150,/Users/victor/JuFo2026/15571083/mxl/8/11/QmQb1RdU1FtmmYHbXdfU7YEY8a9nvkJcdBJGRTrSokCCq9.mxl,627,67.0,2.6525096525096523,0.6756756756756757,3.0849941970171493,2.69614759395001,0.25868725868725867,-0.08333333333333333,0.0,0.08333333333333333,0.9166666666666666
Debussy,Debussy - Préludes - Book I - VI,/Users/victor/JuFo2026/15571083/mxl/10/1/QmS2kfB8xQJurJy5PjCYMPqjiFvVyRpGTyxGC4LyZuLdoM.mxl,545,63.0,3.9045454545454548,0.2,3.185865091036931,4.437953794745673,0.4863636363636364,-0.17647058823529413,0.29411764705882354,0.47058823529411764,0.23529411764705882
Debussy,Claude Debussy Pour le Piano II Sarabande,/Users/victor/JuFo2026/15571083/mxl/12/28/QmUk3ahyVbCMrrQhCuvXBW7bGCHkZd3LAdM7HKkVeAVE6P.mxl,1648,63.0,5.932183908045977,0.14022988505747128,3.1626358379593196,3.886463222516191,0.8367816091954023,-0.4166666666666667,0.25,0.6666666666666666,0.08333333333333333
Debussy,Les collines d'Anacapri,/Users/victor/JuFo2026/15571083/mxl/15/22/QmXGnsc1wBSmh4nC2AWPKRCJ5DQsH7tgbz6HoWbBRu4Mxt.mxl,1757,78.0,6.0255924170616115,0.18104265402843603,2.8542320196611524,4.585192425400702,0.7507109004739336,-0.10526315789473684,0.05263157894736842,0.15789473684210525,0.7894736842105263
Debussy,Debussy Prelude Book 2 No 2 Feuilles mortes,/Users/victor/JuFo2026/15571083/mxl/2/45/QmcTQtgK7WDjQGQX8bDyUvbYvEwH6nZcKbxUKhCbnghsLM.mxl,778,75.0,5.9675,0.1175,3.4996734910472798,4.628870677605931,0.86,0.07142857142857142,0.21428571428571427,0.14285714285714285,0.6428571428571429
Debussy,Bruyères,/Users/victor/JuFo2026/15571083/mxl/14/5/QmW6E34TPPP8eBgcNGvZ55Q4VxMnEpN1MtVB3AVLJFeVaF.mxl,862,68.0,3.8859649122807016,0.4100877192982456,3.0979513380456423,3.519391823282312,0.5175438596491229,-0.0625,0.15625,0.21875,0.625
Debussy,Debussy Prelude Book 2 No 6 General Lavine - excentric,/Users/victor/JuFo2026/15571083/mxl/5/20/QmfFqKsSzZEXqmYrXP94cbqrfeDX5DN55NDmwBPX4yJvDD.mxl,1153,65.0,5.388994307400379,0.21631878557874762,3.4649188356935166,3.9367041780588927,0.7741935483870968,0.1,0.3,0.2,0.5
Debussy,Debussy Prelude Book 2 No 4 Les fees sont d'exquises danseuses,/Users/victor/JuFo2026/15571083/mxl/11/50/QmTw41w2mm8cqvn8Vz3GtnnQt1ozHDBc4c9ZbNcwSceHiH.mxl,1707,66.0,5.363447559709242,0.3229491173416407,3.471543251980547,4.431876573498239,0.6303219106957425,-0.0625,0.041666666666666664,0.10416666666666667,0.8541666666666666
Debussy,Deux arabesques,/Users/victor/JuFo2026/15571083/mxl/12/10/QmUAYMoNgNjpMXHGPeze3PJUxVMUG3EAWbnn6XQXnb9ufp.mxl,3430,65.0,4.205837173579109,0.32462877624167946,3.3995170221522004,3.332354192307727,0.6298003072196621,-0.5652173913043478,0.13043478260869565,0.6956521739130435,0.17391304347826086
Debussy,Debussy Prelude Book 2 No 12 Feux d'artifice,/Users/victor/JuFo2026/15571083/mxl/13/57/QmVZUovZ2Qvbq6xCyiwHzfBtDnzktYSyaW9GJJrPmENPCD.mxl,3004,84.0,5.8199658703071675,0.30802047781569963,3.5417447983900665,6.172230334537867,0.6467576791808873,-0.019801980198019802,0.10891089108910891,0.12871287128712872,0.7623762376237624
Debussy,Debussy Prelude Book 2 No 1 Brouillards,/Users/victor/JuFo2026/15571083/mxl/4/51/QmeWKxe5hUXi11SVhqpTZfPhhAJxciDNuwJsciiUk7abYb.mxl,1377,81.0,6.282258064516129,0.08266129032258064,3.4167600440293704,5.5326166064573705,0.7842741935483871,-0.061855670103092786,0.030927835051546393,0.09278350515463918,0.8762886597938144
Debussy,Petite suite (C.Debussy),/Users/victor/JuFo2026/15571083/mxl/2/26/QmcjeEgVcoWu1P6Dq2VqJJc948XeS3Efk66QLZKeRZuqkY.mxl,9075,66.0,3.587431693989071,0.3325526932084309,3.3118108462683242,2.8563660839468112,0.5718188914910226,-0.020833333333333332,0.16666666666666666,0.1875,0.6458333333333334
Debussy,Debussy Prelude Book 2 No 7 La terrasse des audiences du clair de lune,/Users/victor/JuFo2026/15571083/mxl/17/16/QmZDmit9FD5jWx5LbDq8jcY17ArDZRQJLqKrgb733RfQvy.mxl,1552,77.0,6.130434782608695,0.17246376811594202,3.4974241854782315,4.793755126908464,0.8072463768115942,-0.025,0.125,0.15,0.725
Debussy,Debussy Prelude Bk 1 No 3 Le Vent dans la plaine,/Users/victor/JuFo2026/15571083/mxl/0/15/Qmadte65iwPsoF6r2FA6xhZJxCKv6gRaJii7FeXFHEM65H.mxl,1725,68.0,4.905737704918033,0.40409836065573773,3.1644487706044853,4.848031528537443,0.5016393442622951,0.0967741935483871,0.45161290322580644,0.3548387096774194,0.1935483870967742
Debussy,Debussy Prelude Book 2 No 9 Hommage a S. Pickwick Esq. P. P. M. P. C,/Users/victor/JuFo2026/15571083/mxl/6/30/QmNLuPGuwutRoDQLhW4hNpBkhowszHBsYbLhf8SzaZFL4G.mxl,998,62.0,4.074856046065259,0.32437619961612285,3.203953317413748,3.4917178164066502,0.6468330134357005,-0.08333333333333333,0.1111111111111111,0.19444444444444445,0.6944444444444444
Debussy,Debussy Première Arabesque L. 66 No. 1,/Users/victor/JuFo2026/15571083/mxl/10/25/QmSiufNxXsLotuQDJMEjTj3AbLr5H4K3mfB4LbjeB6UwTm.mxl,1541,64.0,4.041147132169576,0.2880299251870324,3.1246621660966767,2.9874304726179304,0.6521197007481296,-0.3333333333333333,0.26666666666666666,0.6,0.13333333333333333
Debussy,Debussy - La fille aux cheveux de lin,/Users/victor/JuFo2026/15571083/mxl/15/25/QmXiANoF15wqxY1T8hka5xUpgtC7ZNWWHciJ5qJe9mEgXf.mxl,672,60.0,4.995,0.18,2.903474245988919,3.5999965277761032,0.78,0.13333333333333333,0.3333333333333333,0.2,0.4666666666666667
Debussy,Valse romantique Claude Debussy,/Users/victor/JuFo2026/15571083/mxl/0/50/QmawJ7uHzgwB6RUqi63x81eeuUeGvwppDdRDxJSmVEhW1F.mxl,1686,78.0,6.038901601830664,0.14073226544622425,3.288859890978829,4.863665000537906,0.7951945080091534,0.0,0.45454545454545453,0.45454545454545453,0.09090909090909091
Debussy,Debussy Claude - La plus que lente,/Users/victor/JuFo2026/15571083/mxl/1/55/QmbYCixEYiqqLRZmHY18yk2pitQ4oMjzLmuLGN8EMFPRAx.mxl,1656,67.0,5.879187817258884,0.22944162436548224,3.370370448405162,4.4072648090061906,0.7411167512690355,-0.07142857142857142,0.14285714285714285,0.21428571428571427,0.6428571428571429
Debussy,IV. Passepied,/Users/victor/JuFo2026/15571083/mxl/1/14/QmbCqeJ9LcEBfVWtEGHMz8KS96dzXCCCAZWSdYRdEuD7qP.mxl,2227,72.0,4.872113676731794,0.1802841918294849,3.320124063564724,3.2696440577170836,0.7895204262877442,-0.45454545454545453,0.09090909090909091,0.5454545454545454,0.36363636363636365
Debussy,Children's Corner - Doctor Gradus ad Parnassum,/Users/victor/JuFo2026/15571083/mxl/1/42/Qmbs6AsQ1EcraYkW8kJK6RxdrYGU2R1qA4iCV87Lg32MDD.mxl,1289,65.0,4.346244131455399,0.14906103286384975,3.2469200535120963,3.0173321668633974,0.7464788732394366,-0.16,0.2,0.36,0.44
Debussy,C. Debussy Pour remercier la pluie au matin 6 épigraphes antiques 6,/Users/victor/JuFo2026/15571083/mxl/17/44/QmZtBw4yJTosH6YfKkyWAf9RFTPXac6esriXSP73xCoTCj.mxl,2073,68.0,2.3667861409796895,0.8781362007168458,3.2771355665625936,1.8781255604807112,0.09199522102747909,-0.16129032258064516,0.25806451612903225,0.41935483870967744,0.3225806451612903
Debussy,Children's Corner - The Little Shepherd,/Users/victor/JuFo2026/15571083/mxl/11/35/QmTobBbb6pruvSbYGAGkq5mA735jihqP5kBsGZ95zMs1D3.mxl,405,60.0,3.1058823529411765,0.5764705882352941,3.4080080316424866,4.1312492420434594,0.33725490196078434,0.125,0.15625,0.03125,0.8125
Debussy,Debussy - Suite Bergamasque - III. Clair de Lune,/Users/victor/JuFo2026/15571083/mxl/10/27/QmSJeDjtEuw3PjP17fheDNXGojcQ76HmntyE2T84D5zJYY.mxl,1677,70.0,5.786904761904762,0.0880952380952381,3.1160345153176228,3.7775741700166954,0.8702380952380953,-0.36,0.12,0.48,0.4
Debussy,Debussy - Suite Bergamasque - I. Prelude,/Users/victor/JuFo2026/15571083/mxl/17/54/QmZy4ZR3YFGv5wffKZpBZCTwDQimjsc3NUUpVJytYbMLEy.mxl,1901,70.0,4.170283806343907,0.3614357262103506,3.1885891490563765,3.552522922954671,0.5876460767946577,-0.25,0.07142857142857142,0.32142857142857145,0.6071428571428571
Debussy,clair de lune beginner version,/Users/victor/JuFo2026/15571083/mxl/8/52/QmQxJ4tsA3Xdsym1ZgNNRkGpiX8cT5yaKnPVMfFVvDDsMo.mxl,156,45.0,2.3636363636363638,0.5584415584415584,2.844664562511285,2.329422708201086,0.2597402597402597,-0.3333333333333333,0.0,0.3333333333333333,0.6666666666666666
Debussy,Debussy - Préludes - Book I - I,/Users/victor/JuFo2026/15571083/mxl/7/55/QmPYQ9LpBn5ummY8UPVcMm4TriJDuqogjPT66UB1UTLbSm.mxl,879,74.0,8.03960396039604,0.07128712871287128,3.2612129163295984,6.851639670895303,0.9148514851485149,-0.4,0.3,0.7,0.0
Debussy,Claude Debussy: La cathédrale engloutie (The Submerged Cathedral),/Users/victor/JuFo2026/15571083/mxl/0/46/Qmaug5pXs59BJq1VTdXhrKAU3DHxRqusrDgXraMS6xDtYk.mxl,1886,80.0,6.9389721627409,0.10492505353319058,3.4696470632525824,5.6815492176996685,0.8832976445396146,-0.3103448275862069,0.034482758620689655,0.3448275862068966,0.6206896551724138
Debussy,Le petit négre,/Users/victor/JuFo2026/15571083/mxl/8/5/QmQ69pQ8vazfN2JxhjU93N7PhHGGJnG6FYQfCJ1A8462nQ.mxl,695,46.0,3.5795795795795797,0.21921921921921922,3.315313241727044,2.291871745871253,0.7447447447447447,0.6666666666666666,0.6666666666666666,0.0,0.3333333333333333
Debussy,Children's Corner - Jimbo's Lullaby,/Users/victor/JuFo2026/15571083/mxl/15/54/QmXyiyQ9XGzMjmE4XWK5qJXdQeDsrsGi9gfLNAcbcFaoyK.mxl,787,61.0,4.9523809523809526,0.29285714285714287,3.403093389475631,4.789136421569038,0.6285714285714286,0.25,0.5,0.25,0.25
Debussy,Debussy - Suite Bergamasque - II. Menuet,/Users/victor/JuFo2026/15571083/mxl/9/31/QmRmtC2jScfFwM1wA6Ec2qZaW154XWedsPocpFjAURubTG.mxl,2399,78.0,4.702395964691046,0.2509457755359395,3.410669670891022,3.61860218525277,0.7156368221941992,-0.14285714285714285,0.09523809523809523,0.23809523809523808,0.6666666666666666
Debussy,Mouvement (Images Nr. III) C. Debussy,/Users/victor/JuFo2026/15571083/mxl/9/45/QmRTQoLVCx52KdCkNzy52M1LXrYhfp9W3uPYFSPhrJAnnR.mxl,3682,76.0,5.517848410757947,0.2865525672371638,3.3397285314596727,4.029512066963331,0.693398533007335,0.25,0.5833333333333334,0.3333333333333333,0.08333333333333333
Mozart,Mozart Piano Concerto No. 21 K467 2nd Mvmt (Arr. for 2 pianos),/Users/victor/JuFo2026/15571083/mxl/7/10/QmPAiAnfCj6XrH3ofvRLy5yjCQbidz8WoCAb738C2v2NtQ.mxl,4125,58.0,3.188720173535792,0.5943600867678959,3.254072206831058,5.507356812136598,0.30585683297180044,-0.027777777777777776,0.08333333333333333,0.1111111111111111,0.8055555555555556
Mozart,Sonata No. 16 K 545 3rd Movement,/Users/victor/JuFo2026/15571083/mxl/7/9/QmPaDt5oro5S5MxK47tRyuppCxwhyyTfe5568yRv4494KE.mxl,874,53.0,3.173824130879346,0.4274028629856851,3.0930149717493105,2.7201531251539457,0.5132924335378323,-0.2857142857142857,0.2857142857142857,0.5714285714285714,0.14285714285714285
Mozart,Mozart - Piano Sonata No. 18 in D: Allegretto,/Users/victor/JuFo2026/15571083/mxl/4/24/QmeHuDfTaHhXPjjr6F5cyx96o8icjuvQT8uLpFbhoC6iEQ.mxl,2424,56.0,3.801965230536659,0.38095238095238093,3.1826774106579188,3.2793952222527856,0.5759637188208617,-0.25,0.125,0.375,0.5
Mozart,Mozart flute concerto no.1 in G major kv131,/Users/victor/JuFo2026/15571083/mxl/3/55/QmdYMGrqTuCzem1GiqBkcxscbRqUePf8WJGpS714LzS7MW.mxl,4288,50.0,4.177777777777778,0.2510721247563353,3.1158831898536135,2.9927093563772424,0.7033138401559454,0.14285714285714285,0.5714285714285714,0.42857142857142855,0.0
Mozart,Mozart - Piano Sonata No. 18 in D: Adagio,/Users/victor/JuFo2026/15571083/mxl/11/38/QmTqnWEgQtgEymkGoSgMwHBLxNuXbBwg2EdMUzYDE9jYwY.mxl,1470,48.0,3.3803680981595092,0.49693251533742333,3.2521673852283057,3.163652057833059,0.4785276073619632,-0.16666666666666666,0.20833333333333334,0.375,0.4166666666666667
Mozart,Komm lieber Mai,/Users/victor/JuFo2026/15571083/mxl/2/9/QmcanpWgvkPVJLshBC2JFT9byViifisDyi158smUGQogHX.mxl,130,24.0,2.3384615384615386,0.36923076923076925,2.770213412844417,1.9396821553814751,0.4,-0.2,0.4,0.6,0.0
Mozart,Andante,/Users/victor/JuFo2026/15571083/mxl/3/50/QmdwwENhYbjxxk4X7DjnVfwCDkfT8FJ6TC4yZtaomd3cZi.mxl,1040,45.0,2.4514672686230248,0.636568848758465,3.1302484368704206,2.655420176193228,0.25733634311512416,-0.41379310344827586,0.1724137931034483,0.5862068965517241,0.2413793103448276
Mozart,Polonaise W.A. Mozart,/Users/victor/JuFo2026/15571083/mxl/4/3/Qme4on6zA599C2geDNg188XL745QLUyLZNQWuYNYvqVJn5.mxl,251,38.0,2.4330708661417324,0.47244094488188976,2.7729921818164516,1.9944432695887617,0.36220472440944884,-0.36363636363636365,0.09090909090909091,0.45454545454545453,0.45454545454545453
Mozart,W. A. Mozart Minuet in F Major K5.,/Users/victor/JuFo2026/15571083/mxl/12/19/QmUfTS6K5Js8oBzGHXSD3f8QqxKq2q7yJH5zxG5FzhiHEe.mxl,207,46.0,3.020979020979021,0.3356643356643357,2.794646336269628,2.6003456775814486,0.46853146853146854,0.0,0.058823529411764705,0.058823529411764705,0.8823529411764706
Mozart,Wolfgang Amadeus Mozart - Morgen kommt der Weihnachtsmann,/Users/victor/JuFo2026/15571083/mxl/3/40/QmdrhvsqisvZxSr1wEKJqZpYZYs1JpopTHz1Wp5WLoJ6BS.mxl,1804,60.0,3.8870056497175143,0.4529190207156309,3.0692087182838934,3.5770297568407243,0.4708097928436911,-0.2222222222222222,0.1111111111111111,0.3333333333333333,0.5555555555555556
Mozart,Thème du 1er mouvement de la sonate K.331,/Users/victor/JuFo2026/15571083/mxl/4/42/QmeswnMFsq7kKrfJU2KHcucQ55D1psa3djU7BiYUptXPPR.mxl,55,31.0,1.9428571428571428,0.5714285714285714,2.2961485095341887,1.4331355661696514,0.2571428571428571,0.5,0.5,0.0,0.5
Mozart,W.A. Mozart - Contredanse in A K. 15l,/Users/victor/JuFo2026/15571083/mxl/1/2/Qmb3nWh89rZ5qR7paUjp7MEF6Z4CL65Vchtm7k3S2EYr6G.mxl,181,41.0,3.826530612244898,0.2755102040816326,2.756877747892961,3.000086768146853,0.6326530612244898,0.0,0.0,0.0,1.0
Mozart,W.A. Mozart - Rondo in F K. 15hh,/Users/victor/JuFo2026/15571083/mxl/2/31/QmcmB7Rvh3DyQJ63EmKEnjxqUzC8toMRd3zk6CrT6mkJyB.mxl,362,46.0,4.282722513089006,0.581151832460733,3.115738528084972,4.619973133063237,0.3507853403141361,0.14285714285714285,0.42857142857142855,0.2857142857142857,0.2857142857142857
Mozart,Wolfgang Amadeus Mozart - Komm lieber Mai,/Users/victor/JuFo2026/15571083/mxl/7/52/QmPxLJ7CnzLzmnumP9FTcybCHjESQSSgKefE9pjVTzup6W.mxl,224,42.0,2.980392156862745,0.30392156862745096,2.7191085222507723,2.2006255445644234,0.5490196078431373,0.2,0.6,0.4,0.0
Mozart,Sonate in C KV 330-1.Allegro moderato,/Users/victor/JuFo2026/15571083/mxl/7/42/QmPsb5NL3M1BRGhViY3B6G5kVxEFZQCjH55fKqWdB7Zhr8.mxl,2283,46.0,3.623873873873874,0.5292792792792793,3.012500287601312,3.8071531389124917,0.3933933933933934,0.08,0.28,0.2,0.52
Mozart,KV 80 Piano,/Users/victor/JuFo2026/15571083/mxl/3/6/Qmd7Yxc9yCJrsVqgsRTPyfLjapnTvQ6XnXpKMGUDB8ZD7R.mxl,1010,48.0,3.0617760617760617,0.4942084942084942,2.993162058431293,3.405090206829628,0.37065637065637064,-0.08571428571428572,0.2,0.2857142857142857,0.5142857142857142
Mozart,W.A. Mozart - Minore in A minor K. 15k,/Users/victor/JuFo2026/15571083/mxl/4/12/QmeBuVqPpzPMfzif2cCpt7MZXo2YaYcUot4zrmNTn8F4JF.mxl,141,48.0,4.493975903614458,0.3493975903614458,3.193099678414698,3.641704532637679,0.5421686746987951,-0.1111111111111111,0.1111111111111111,0.2222222222222222,0.6666666666666666
Mozart,Wolfgang Amadeus Mozart - Polonaise,/Users/victor/JuFo2026/15571083/mxl/13/3/QmV46nwkLq5hTefpZx1xYyNGKVc5b3C9j6JcGYjeYkfmTS.mxl,255,38.0,2.4330708661417324,0.47244094488188976,2.7694077384651354,1.9944432695887617,0.36220472440944884,-0.36363636363636365,0.09090909090909091,0.45454545454545453,0.45454545454545453
Mozart,W. A. Mozart Minuet in G Major K1e.,/Users/victor/JuFo2026/15571083/mxl/10/43/QmSSZAHjALT7zf8hpZpLFXaBHB9ytuBETs4QbhvYDFSAaa.mxl,256,48.0,3.3455882352941178,0.4338235294117647,3.007402150284804,3.073555797803992,0.47058823529411764,-0.625,0.0,0.625,0.375
Mozart,Mozart Piano Sonata No. 10 in C major- 3rd Movement,/Users/victor/JuFo2026/15571083/mxl/11/10/QmTASjPmcHiPq3aLyHygoWKbwxCe9rXXDuhqiN4q6LmBCb.mxl,2138,53.0,2.965961361545538,0.44434222631094755,3.014550861323628,2.617213658158942,0.46642134314627415,0.0,0.15,0.15,0.7
Mozart,Mozart - Sonata in Bb K 570 Movement I,/Users/victor/JuFo2026/15571083/mxl/11/1/QmT2Fednhnpvwp5DLd9xYTLnufWm4AT1Aqk5BVn4kZuoXs.mxl,2022,55.0,3.0543478260869565,0.5489130434782609,3.244261072665831,2.9916458454376347,0.36231884057971014,-0.15384615384615385,0.23076923076923078,0.38461538461538464,0.38461538461538464
Mozart,W. A. Mozart Allegro in Bâ Major K3.,/Users/victor/JuFo2026/15571083/mxl/7/23/QmPh9E2SVDigz7bhQx3CqCFNxD33a9G5uFVGWf2536dG7J.mxl,163,32.0,2.5,0.3979591836734694,3.0116269117366175,2.33102412458296,0.3877551020408163,0.0,0.2,0.2,0.6
Mozart,Mozart Flute Quartet in D For Flute and Piano K285,/Users/victor/JuFo2026/15571083/mxl/8/25/QmQi6RkK5b4Nxi8sQM9SMBqRBB4yr4Sgy7Vg2EV2azMtLA.mxl,2492,43.0,4.310697115384615,0.20552884615384615,3.121502554185146,3.0836075579947666,0.7205528846153846,-0.8461538461538461,0.07692307692307693,0.9230769230769231,0.0
Mozart,W.A. Mozart: Menuet,/Users/victor/JuFo2026/15571083/mxl/17/10/QmZAwpKVi1GH5jQTXkgiM2G6DtS5GsAoDB6WuJY6MpmLhy.mxl,130,40.0,3.142857142857143,0.23809523809523808,2.849814093780203,2.988640625621563,0.5238095238095238,-0.25,0.0,0.25,0.75
Mozart,Mozart - Minuet & Trio - K. 1,/Users/victor/JuFo2026/15571083/mxl/5/14/QmfCULDvejZyShSRANTgFLGt4TudSaWNcuAfbV89RhdFPP.mxl,611,48.0,3.4054054054054053,0.42342342342342343,3.003824430985756,3.114564387219013,0.4954954954954955,-0.2222222222222222,0.1111111111111111,0.3333333333333333,0.5555555555555556
Mozart,Mozart: Minuet in F Major (K2) (easy),/Users/victor/JuFo2026/15571083/mxl/0/18/QmaENucP3iVPGGeUtgdj959VJEx116ke3SYH4X5s993nhN.mxl,130,40.0,3.142857142857143,0.23809523809523808,2.852178257356354,2.988640625621563,0.5238095238095238,0.0,0.14285714285714285,0.14285714285714285,0.7142857142857143
Mozart,Mozart - Lacrimosa (from the Requiem in D minor),/Users/victor/JuFo2026/15571083/mxl/2/18/QmcEUzb7QMJeTCwi57Q6nN4vT9UW6h66gMkLFW62VoDyuo.mxl,738,53.0,5.632911392405063,0.08860759493670886,3.244009200510184,3.447168036687703,0.8860759493670886,-0.45454545454545453,0.18181818181818182,0.6363636363636364,0.18181818181818182
Mozart,Mozart Sonata No.8 KV.310 1st,/Users/victor/JuFo2026/15571083/mxl/16/28/QmYkwGqdPV2gFv7GS3Lv59K6pvwbH7tzEbp2uPFvzBzFzz.mxl,3282,58.0,3.7248908296943233,0.3749220212102308,3.22915185238083,2.9045618663780797,0.5726762320648784,0.0,0.3888888888888889,0.3888888888888889,0.2222222222222222
Mozart,Turkish March,/Users/victor/JuFo2026/15571083/mxl/9/13/QmRc72qvsdoJZcp9zVjKXy7qskvXtMCpxjhp59DreLwzv4.mxl,261,39.0,2.361111111111111,0.6041666666666666,2.8700539971629135,1.3049644051718163,0.3888888888888889,0.125,0.125,0.0,0.875
Mozart,Török induló,/Users/victor/JuFo2026/15571083/mxl/7/39/QmPQMitaGzGvcaVjepEB42qdeo7ntvxkSt2Va2opYZrkU7.mxl,379,47.0,5.12621359223301,0.4029126213592233,2.9956294160391708,4.551068607364809,0.587378640776699,0.0,0.14285714285714285,0.14285714285714285,0.7142857142857143
Mozart,Musikalisches Würfelspiel K.516f,/Users/victor/JuFo2026/15571083/mxl/13/22/QmVG74s7jJqPF6hpNVRL5cC1ZrTKHskVunsiYikJnKSj2j.mxl,1442,50.0,4.219451371571072,0.19451371571072318,2.7714269868788137,2.662517268065598,0.7655860349127181,0.2,0.6,0.4,0.0
