composer_label,title,mxl_path,note_event_count,avg_note_duration,std_note_duration,notes_per_beat,downbeat_emphasis_ratio,syncopation_ratio,rhythmic_pattern_entropy,micro_rhythmic_density,cross_rhythm_ratio
Bach,J. S. Bach: Little Prelude in C Major BWV 924,/Users/victor/JuFo2026/15571083/mxl/0/16/QmaDct1x6hnFgV8BFMLGzUKCd7DkNHm96Udwix7AW3pDva.mxl,313,0.41054313099041534,0.6550558049240063,4.347222222222222,0.08626198083067092,0.0,3.284553866638512,0.9483870967741935,0.8823529411764706
Bach,Bach's chorale harmonisations 241-371 (Breitkopf numbering no text),/Users/victor/JuFo2026/15571083/mxl/17/35/QmZoWXdZkvuavKpPnFchpZmC6NJZzsfADtE4uzUdH929oU.mxl,30348,0.8951825490971398,0.48985042418504837,4.431658878504673,0.1985633320152893,0.03726769474100435,4.25618836360704,0.003196572746745757,
Bach,J. S. Bach - Fugue in C Major BWV 846 WTC 1 (real audio),/Users/victor/JuFo2026/15571083/mxl/11/27/QmTJYYLf7PaqwbZ4h3tQ4eDnGnX9gG1SBDaKjiixKp2gD2.mxl,781,0.4439820742637644,0.3935893395159332,7.231481481481482,0.10627400768245839,0.010243277848911651,5.097855547173831,0.2982005141388175,
Bach,Prelude No. 2 BWV 847 in C Minor,/Users/victor/JuFo2026/15571083/mxl/8/31/QmQmxCfft8FrQC5YyRdnucv3SypmxbVBrGDm1WwGwAZeoq.mxl,1108,0.2706453068592058,0.23155913059460415,7.2894736842105265,0.06678700361010831,0.0,0.7254979937889229,0.9683257918552036,0.034482758620689655
Bach,Bach's chorale harmonisations 1-120 (Breitkopf numbering no text),/Users/victor/JuFo2026/15571083/mxl/2/10/QmcAcXxP8kmmTdw8pn8xvHfrb2L5GrCqd5uQ44ETsDXusi.mxl,27115,0.9226627328047207,0.4818020639906266,4.2985098287888395,0.21095334685598377,0.03865019361976765,4.080780466142753,0.0012171732074358218,
Bach,Bach Fugue in C-Major (from Toccata Adagio and Fugue in C Major for Organ BWV 564) arr. for piano,/Users/victor/JuFo2026/15571083/mxl/10/53/QmSXZREKKbbZGL9o7rXGFXub3ZyKFp2ExUaLncjNAdByZX.mxl,2773,0.3616119725928597,0.2125691966270598,9.628472222222221,0.1294626758023801,0.0,3.43745026198789,0.45018050541516247,0.7857142857142857
Bach,Chorale harmonisations from various vocal works by Bach,/Users/victor/JuFo2026/15571083/mxl/0/40/QmarstozgAPFGWKQtmATXsmdsBCJ5aytRngSr9harJS2vW.mxl,11282,0.9429179223541925,0.5389501473242604,4.091387126019946,0.1153164332565148,0.35614252792058143,4.449894977068691,0.005230960191506339,
Bach,J. S. Bach - Invention No. 5 in Eb-Major BWV 776 (real audio),/Users/victor/JuFo2026/15571083/mxl/2/21/QmcgPrR41ikm5Ci6ABVf4r58KCVov3VKepGZTgAnGRCoPD.mxl,737,0.33887381275440975,0.20885263631771675,5.7578125,0.07055630936227951,0.0,2.652647650683999,0.8528610354223434,1.0
Bach,Bach: Little Prelude in C major BWV 933,/Users/victor/JuFo2026/15571083/mxl/0/4/Qma58kekAvv9TsecniR4ja9nDEv3GD4os1aDq9r8ZfzvD8.mxl,387,0.3708010335917313,0.2071637038808923,6.046875,0.09560723514211886,0.0,4.113650785092039,0.4947916666666667,1.0
Bach,Bach Prelude in C-Major (from Toccata Adagio and Fugue in C Major for Organ BWV 564) arr. for piano,/Users/victor/JuFo2026/15571083/mxl/4/38/QmeqFD5GdewkgSzD8TPnhrwqApfHwqhp54bygLi9A22Wd5.mxl,2694,0.279386290522148,0.20919763975456765,8.017857142857142,0.06533036377134373,0.0,3.9168214282633684,0.7209215904868079,0.16666666666666666
Bach,Fantasie und Fuge,/Users/victor/JuFo2026/15571083/mxl/13/36/QmVpXy2P42TYWQ7zBtWVk7dZmFv8QBmz7dhAaSjjggdAHw.mxl,3423,0.7709611451942741,0.7898870622357611,4.480366492146596,0.19544259421560034,0.0052585451358457495,5.631621731949593,0.2681286549707602,
Bach,J.S. Bach Nun freut euch lieben Christen Arrt F. Busoni,/Users/victor/JuFo2026/15571083/mxl/16/1/QmY2WMwzrxQuDxX7JybHjSaiQH95z2ASWp55srpAa97MWG.mxl,2002,0.46291208791208793,0.5399539896628077,6.4789644012944985,0.08041958041958042,0.056943056943056944,3.348335404673178,0.5142571285642822,0.8
Bach,Bach's chorale harmonisations 121-240 (Breitkopf numbering no text),/Users/victor/JuFo2026/15571083/mxl/12/16/QmUDcPN9uYUGpqmLK4Lx1FL6kkNidYPfNwrZJrwb4DhFpT.mxl,28767,0.9222546668057149,0.5625859783287939,4.29422301836095,0.21177043139708693,0.03177251712031147,4.664383912990448,0.0044152412738144905,
Bach,Bach js capriccio bwv 992,/Users/victor/JuFo2026/15571083/mxl/11/48/QmTvJh1vZRJXz5St8CwcgBRSUvuw84jPyMCksH31x6shJf.mxl,2743,0.5316259569814072,0.3329454867265177,4.460162601626016,0.11374407582938388,0.013124316441851986,4.737916795444364,0.18868613138686133,0.8333333333333334
Bach,J.S. Bach Partita No.3 1. Fantasia BWV 827,/Users/victor/JuFo2026/15571083/mxl/12/5/QmU69NWXPs3JghtSsoqNjW2YBUS5HJepCEEnb14xZ4B4m6.mxl,1090,0.3275229357798165,0.16748082712836532,9.083333333333334,0.21651376146788992,0.0,2.5148591764451655,0.7589696412143514,0.9083333333333333
Bach,Minuet in F Major BWV 116 Anh. 113 by JS Bach,/Users/victor/JuFo2026/15571083/mxl/17/30/QmZLB5s1pGDSPhmWx5Zwkt1APsVUQpbvyEqwvi9WP1xxzF.mxl,256,0.73046875,0.4686903173810729,2.6666666666666665,0.25,0.0,3.7462275312148052,0.011857707509881422,0.84375
Bach,Preludio I J S Bach Czerny,/Users/victor/JuFo2026/15571083/mxl/13/19/QmVf4NvWmiKAsctGpvYeUEtEV9t92SVTuMuXtswBFYMHr9.mxl,635,0.6,0.6149707118050035,4.409722222222222,0.05984251968503937,0.0,3.033308723525396,0.6677215189873418,
Bach,J.S. Bach Choralvorspiel Ich ruf' zu dir Herr BWV 639 (Arrt F. Busoni),/Users/victor/JuFo2026/15571083/mxl/4/23/QmehfxKmagAUes7CGojrhYeWmDZJr89mp6WtJAcZLhHrJi.mxl,652,0.4203732106339469,0.32365832144987056,7.325842696629214,0.09969325153374232,0.012269938650306749,4.145882104741374,0.38366718027734975,0.0
Bach,Bach Violin Concerto in A minor BWV 1041,/Users/victor/JuFo2026/15571083/mxl/16/9/QmYagSHmxZDVqj8bw47RDNo8GnqrE1SHucUmwQdnuBYcNA.mxl,2332,0.35430960548885077,0.24722554689960757,6.798833819241983,0.17495711835334476,0.0,3.374843791698573,0.7436668097896093,0.7014925373134329
Bach,Prelude BWV 1006,/Users/victor/JuFo2026/15571083/mxl/15/20/QmXF1zqjqvJWwJQX2uJgqKZPzcnB4x5UM8VAEmU2WQtsTY.mxl,1725,0.3027536231884058,0.1927293217763705,4.107142857142857,0.11768115942028985,0.0,1.2741782284817695,0.983739837398374,
Bach,Fuga 1 in C - Dur BWV 846 J.S Bach,/Users/victor/JuFo2026/15571083/mxl/6/47/QmNUb9naFC7iTu4pG8qErcXarTucy5V6jiGEWqKvjvBHXP.mxl,786,0.4462468193384224,0.39745761391159135,7.277777777777778,0.10687022900763359,0.010178117048346057,5.121858089396572,0.3001277139208174,
Bach,Bach Fugue in G Minor BWV 542 (Piano solo),/Users/victor/JuFo2026/15571083/mxl/4/31/QmemwP73tZHAVDyP81DutePDjdXsPWVJr1iFD86THdinmA.mxl,3302,0.37189582071471833,0.26936966946124236,7.178260869565217,0.09357964869775894,0.003937007874015748,3.8232263494255965,0.5522885722946347,0.5
Bach,Brandenburg Concerto No. 3 (Solo Piano Arrangement),/Users/victor/JuFo2026/15571083/mxl/14/43/QmWS6iQn5AP8dLqcUhfuQL9ngrHrZ9DWxbgQKvE2zSdEZ5.mxl,5083,0.5186897501475507,0.2868004019109702,7.361332367849385,0.14440291166633878,0.0,3.473931217144946,0.2925196850393701,0.6920980926430518
Bach,J. S. Bach - Invention No. 15 in B-minor BWV 786 (real audio),/Users/victor/JuFo2026/15571083/mxl/10/28/QmSkpv88AXBwfQVSki4Lja1uAi1SiabTExoBT7fJmkVgyd.mxl,478,0.35564853556485354,0.26685738498390776,5.431818181818182,0.0899581589958159,0.0,2.5965708020773386,0.6189473684210526,0.5
Bach,Bach Toccata and Fugue in D Minor (Piano solo),/Users/victor/JuFo2026/15571083/mxl/3/0/Qmd1eQ3eecd9ZnMkV1YLLmJtWnLGNNBN3nUXzQkKXwmG2h.mxl,3480,0.32079741379310345,0.32304525419463964,6.083916083916084,0.0853448275862069,0.004597701149425287,4.053244337107567,0.7535231521426518,0.65625
Bach,Fugue in E Minor BWV 914 By Johann Sebastian Bach,/Users/victor/JuFo2026/15571083/mxl/0/16/QmaDECJnBTDT8H7Zx2Zvw9QJgD7m17qsxxEkRXKKUkvGfT.mxl,1804,0.33647450110864746,0.18633318069483845,6.263888888888889,0.08481152993348115,0.004434589800443459,2.991321951919263,0.7012770682953915,0.5714285714285714
Bach,BWV 807: The English Suites II Prelude,/Users/victor/JuFo2026/15571083/mxl/16/57/QmYZQ4BkXea1hyd1SMUCoaQ4DSeAVzt9JEWQMMvbdKBQG9.mxl,3095,0.33424878836833605,0.1785110545197956,6.290650406504065,0.11243941841680129,0.0,2.937427956294858,0.6659120310478654,0.8928571428571429
Bach,Johann Sebastian Bach - Invention No. 13 in A minor BWV 784 for Piano - BreezePiano,/Users/victor/JuFo2026/15571083/mxl/12/11/QmUbCP81miGkFzFSk3cTqCXyNV4psQm4UM33sjmc4Twpae.mxl,573,0.3237347294938918,0.13742970710860333,5.73,0.07155322862129145,0.0017452006980802793,2.2214779757951537,0.7385964912280701,0.4
Bach,J.S. Bach Choralvorspiel ''Nun komm' der Heiden Heiland'' (Arrt F. Busoni),/Users/victor/JuFo2026/15571083/mxl/14/41/QmWRmbHPfLzyWCuPghYb4XdPDoBGbFRFLMMxHTsfJy92FW.mxl,993,0.4501510574018127,0.39908944364590365,7.301470588235294,0.10876132930513595,0.005035246727089627,5.797229776302685,0.29797979797979796,
Bach,Minuets in G Major and G Minor,/Users/victor/JuFo2026/15571083/mxl/2/50/Qmcw8jEKt8NUmu11gUJTCo3wGeEw5bZNi43d6o25wDhb4d.mxl,546,0.9816849816849816,0.6457693395923968,2.84375,0.3315018315018315,0.0,4.43458646416052,0.0,0.7307692307692307
Bach,Ich steh an deiner Krippen hier,/Users/victor/JuFo2026/15571083/mxl/17/34/QmZN67wShmVnyRMrvhDUkmG3TWof2uxzrntwFVEn4ynkPm.mxl,208,0.8533653846153846,0.3309197862860746,2.1666666666666665,0.20673076923076922,0.014423076923076924,3.6995084121949513,0.0,0.5416666666666666
Bach,Das Wohltemperierte Klavier I - Praeludium in C-Dur (BWV 846),/Users/victor/JuFo2026/15571083/mxl/1/20/QmbFt6yc1EUxZvqTVUg7xQY531BbkUcxn8uL3VYrB2uwjB.mxl,617,0.600486223662885,0.6163557537058106,4.4071428571428575,0.059967585089141004,0.0,3.03517244867619,0.6677524429967426,
Bach,J.S. Bach - Toccata & Fugue in D minor BWV 565,/Users/victor/JuFo2026/15571083/mxl/0/51/QmaWUmXP6sdMEyaCacAQZZQUVykcAn7cCqVqueAbwz9NsB.mxl,3536,0.33074095022624433,0.3340174124904787,6.181818181818182,0.0873868778280543,0.004242081447963801,3.9055787104927373,0.7415793942824794,0.5111111111111111
Bach,Bach's Air for Violoncello and Piano (from Orchestral Suite No. 3 in D major BWV 1068),/Users/victor/JuFo2026/15571083/mxl/8/56/QmQzXNiBJ387BiCHTqizWLNseTyvj4yotn5gzAfxhm1nZw.mxl,572,0.5201048951048951,0.4427816430280409,7.15,0.13286713286713286,0.015734265734265736,5.1006668600350755,0.16520210896309315,1.0
Bach,BWV 808: The English suite III Prelude as inspired by Ivo Pogorelich,/Users/victor/JuFo2026/15571083/mxl/10/3/QmS4ZePJXtMi2T9CbhP6oAvzSZPpyvfsu9ES9yeFtpCW1j.mxl,2313,0.36651534803285774,0.22201117013564864,10.859154929577464,0.24038045827929097,0.0,3.9228045783302523,0.44025974025974024,0.9761904761904762
Bach,Johann Sebastian Bach - Pr\aludium,/Users/victor/JuFo2026/15571083/mxl/0/13/QmacHkEMLbKiN7YagLdNjR2WPRvZAZW6ahjHjtPgvRNCdn.mxl,506,0.3557312252964427,0.21877479282037376,3.9224806201550386,0.08695652173913043,0.0,2.463174645756659,0.6719681908548708,0.9767441860465116
Chopin,Frédéric Chopin: Étude in A minor Op.25 No.11 Winter Wind,/Users/victor/JuFo2026/15571083/mxl/2/21/QmcgjQVzWTS3bA51emSjoVANNB8B6uCZ6mQMA5qG7jbKWD.mxl,2797,0.2901024907639137,0.3604257302280747,14.055276381909549,0.0736503396496246,0.003575259206292456,3.089171829681728,0.9047959914101646,0.7796610169491526
Chopin,Chopin Ballad No. 3 (Piano solo),/Users/victor/JuFo2026/15571083/mxl/3/5/Qmd67WvFZb7WTWP7zGHcQ3mCJLZEUoiMkqMtvPG8LuMN19.mxl,2910,0.5040270618556701,0.37194519070759363,6.037344398340249,0.1852233676975945,0.006529209621993127,4.347938582931956,0.3508771929824561,0.5877862595419847
Chopin,Frédéric Chopin: Étude in D-flat major Op.25 No.8 Sixths,/Users/victor/JuFo2026/15571083/mxl/17/19/QmZff9fTcDAENh43naGPWS3mKEXGMWprjpmkvmrmiqU8ED.mxl,814,0.3515561015561015,0.19578456114301487,5.652777777777778,0.08968058968058969,0.0,0.34235548447071934,0.0,0.09375
Chopin,Frédéric Chopin: Étude in F major Op.10 No.8 Sunshine,/Users/victor/JuFo2026/15571083/mxl/3/8/Qmd9krjmxX9dD9aR8S4M2gGMghqyBKFyDGzNgmBvSG7zLU.mxl,2116,0.3832703213610586,0.503317336195585,5.553805774278215,0.0883742911153119,0.021266540642722116,2.341951625598837,0.942262186464742,0.48717948717948717
Chopin,Scherzo No.2 (F.Chopin Op.31),/Users/victor/JuFo2026/15571083/mxl/17/37/QmZPydoNzGhD9TTqqsZ4h4f36eR6z2bcokeNu7pG5hUScE.mxl,5030,0.943638170974155,0.7845262238566169,2.1495726495726495,0.3666003976143141,0.0015904572564612327,4.940143916113907,0.0,0.40298507462686567
Chopin,Frédéric Chopin: Prelude in G-sharp minor Op.28 No.12,/Users/victor/JuFo2026/15571083/mxl/4/1/Qme2p6FB8XxVyrWPk4bcggeTNh7QW28tukHSeJGCZaXyZY.mxl,805,0.7857142857142857,0.4174541508438836,3.3127572016460904,0.26956521739130435,0.0,3.1813353087014358,0.0,1.0
Chopin,Frédéric Chopin: Prelude in B-flat minor Op.28 No.16,/Users/victor/JuFo2026/15571083/mxl/2/39/QmcQoygH7hjNEjjC1zEwfc6AZm9tAGMrb2wbxLiCphymsP.mxl,1004,0.3202191235059761,0.1509692626104712,10.91304347826087,0.09262948207171315,0.0,2.33163614317673,0.8491508491508492,0.8444444444444444
Chopin,Frédéric Chopin: Étude in F minor Op.25 No.2 The Bees,/Users/victor/JuFo2026/15571083/mxl/8/9/QmQagsBqLF4aH3h6PqPQyphvusDzyvv6WUffymN5mx8MUE.mxl,1200,0.45666666666666667,0.26312227829154516,4.332129963898917,0.11416666666666667,0.10916666666666666,1.800111519820123,0.0,0.014925373134328358
Chopin,Waltz in B minor,/Users/victor/JuFo2026/15571083/mxl/14/38/QmWqwAqr8yGcvHzHU6tyLhF2YL6551xx84brEx7uYoK4Z7.mxl,1051,0.8301617507136061,0.3711899661403212,2.4105504587155964,0.2759276879162702,0.0,3.69079824441921,0.0,0.7028985507246377
Chopin,Frédéric Chopin: Prelude in E minor Op.28 No.4,/Users/victor/JuFo2026/15571083/mxl/0/33/QmanzCS7875c3wuXfewZKx3qARMdn6GvcwJfQ15QGmxQ6n.mxl,255,0.792156862745098,0.7560889572939098,5.0495049504950495,0.18823529411764706,0.023529411764705882,3.390951418007711,0.0,0.9130434782608695
Chopin,Frédéric Chopin - Nocturne n20 (posthume) en Do dièse mineur 'Réminiscence',/Users/victor/JuFo2026/15571083/mxl/16/36/QmYpFcJ2vAEborj9CqHbuuhdp3KA6KfpaMqaQ9eUep73rF.mxl,164,0.7957317073170732,0.5668627767756788,0.6307692307692307,0.21951219512195122,0.006097560975609756,4.979657024510859,0.018633540372670808,0.7777777777777778
Chopin,Douze Études op. 25 (full),/Users/victor/JuFo2026/15571083/mxl/15/6/QmX7FqRKaQ9rxcr6jHhSxUVnvwCPhssmEKuxRu1rmWsoEw.mxl,18695,0.39326011857002763,0.37057709966412916,5.809486445437984,0.0807167691896229,0.12709280556298475,5.120693634354239,0.4975925529638348,0.4101876675603217
Chopin,Nocturne (F.Chopin Op.55. No.2),/Users/victor/JuFo2026/15571083/mxl/15/11/QmXbFWcmEEAe6iErN3yVdL21iXXPk6yktQihaoYcjeMW8s.mxl,1486,0.6682452893674293,0.6791108451356088,5.544776119402985,0.1117092866756393,0.02288021534320323,5.358956593524173,0.13553607552258934,0.7777777777777778
Chopin,Chopin Ballade No. 1 (Complete) Piano solo,/Users/victor/JuFo2026/15571083/mxl/9/48/QmRvks9HDbqarYwbzWSwjUo7M7AsWZgpBik988QLyhGCQ8.mxl,3785,0.8267811536767944,0.6570481841258264,2.585382513661202,0.12655217965653898,0.06974900924702775,5.095235714889021,0.05552617662612375,0.773109243697479
Chopin,Minute Waltz,/Users/victor/JuFo2026/15571083/mxl/11/26/QmTjD7qrdZCaNYy77zdiBjVy3NKkS1bbyj4LvTyivfZTPW.mxl,892,0.7780269058295964,0.4488079969320478,2.3786666666666667,0.2623318385650224,0.008968609865470852,3.8708637435933895,0.0,0.6808510638297872
Chopin,Waltz A Minor (W/Live Recording) Opus Posth. B. 150 - F.F. Chopin,/Users/victor/JuFo2026/15571083/mxl/3/29/QmdKexEC1RtbrJmgpxrcWmFau7mp4q3EqCBHfB7KRVfNH9.mxl,397,0.8136020151133502,0.3734409487399198,2.3491124260355027,0.2770780856423174,0.0,3.5111697999573694,0.01015228426395939,0.875
Chopin,Nocturne (F.Chopin Op.72. No.1),/Users/victor/JuFo2026/15571083/mxl/8/21/QmQgh5FieDx21wumrAaDFSzK6vANwpsT8nQkehcXwWuBDB.mxl,1081,0.5249248381128585,0.5973920982648795,4.741228070175438,0.1341350601295097,0.018501387604070305,4.8668187554212405,0.1150278293135436,0.875
Chopin,Chopin Prélude No. 25 in C Minor Opus 45,/Users/victor/JuFo2026/15571083/mxl/5/34/QmfNseniSwST8r2CM6MKccHfJ4BB5rEu1MiZdmrP9kh2q2.mxl,1030,0.7796116504854369,0.7272249719751558,2.601010101010101,0.16601941747572815,0.005825242718446602,3.1884415023394777,0.0,0.5
Chopin,Chopin - Waltz in A Minor (Piano Solo),/Users/victor/JuFo2026/15571083/mxl/17/36/QmZpiR4dVBt5Wo6p6r3XWL8pSmzZ6bAUF9xfwDJfNHqBur.mxl,168,0.8452380952380952,0.445554700266651,2.3013698630136985,0.2857142857142857,0.0,3.45262079797895,0.0,0.875
Chopin,Frédéric Chopin: Prelude in F major Op.28 No.23,/Users/victor/JuFo2026/15571083/mxl/7/47/QmPUyKD5Kmw2KAExu3bqXJCffS3UUaPtU1erBRwJZyaRAT.mxl,461,0.34779464931308746,0.3259327867819517,5.238636363636363,0.09544468546637744,0.004338394793926247,2.8405160980201143,0.8624454148471615,0.8823529411764706
Chopin,F. Chopin - Mazurka in D-Flat Major Op. 30: No. 3,/Users/victor/JuFo2026/15571083/mxl/12/28/QmUkagEb3mJWASbpfehGiouwogp2zz6t6jDRCA3m5qnfdq.mxl,641,0.87402496099844,0.5558603993524959,2.2491228070175437,0.3073322932917317,0.0,5.125481748694376,0.003134796238244514,0.4
Chopin,Chopin Nocturne in D-Flat Major Op. 27 No. 2,/Users/victor/JuFo2026/15571083/mxl/15/33/QmXnhQJy7fQLcWkcmFj1kGJtgEZrmCWgc4pHsFrFUd5xb9.mxl,1600,0.32538802083333335,0.34472707766722605,10.38961038961039,0.106875,0.003125,4.864451746991372,0.8910457107075767,1.0
Chopin,Chopin Ballade No. 2 (Piano solo),/Users/victor/JuFo2026/15571083/mxl/4/7/Qme88a7Fvz73EWc6i6ba61XjfTNxj1cJPeZBRsh1EGqVrC.mxl,2607,0.5346183352512467,0.43867857647422337,6.3585365853658535,0.17644802454929037,0.014192558496355964,4.803207269622965,0.4696620583717358,0.6396396396396397
Chopin,F. Chopin - Marche funèbre in C Minor Op. 72,/Users/victor/JuFo2026/15571083/mxl/16/5/QmY6mqCKaHEkaxGNsPYpUTmNATKcGFjvN8zVjmmAd5oVZo.mxl,794,0.8494962216624685,0.4698260550736053,2.611842105263158,0.1952141057934509,0.006297229219143577,5.48705948203722,0.0,0.5882352941176471
Chopin,Frédéric Chopin: Prelude in C minor Op.28 No.20,/Users/victor/JuFo2026/15571083/mxl/2/13/QmccyTuSVcX3X4QAgMqXVEhXdkGEfEebqXMQpFXYFxqqKk.mxl,120,0.95,0.458257569495584,2.3076923076923075,0.21666666666666667,0.0,2.475342997664244,0.0,0.6666666666666666
Chopin,12 ÉTUDES OP 10 NO 4,/Users/victor/JuFo2026/15571083/mxl/3/37/QmdPjReRn2xf8pU9pyEGDf2k3VqmV7jaQEDAxo2E5rAzKD.mxl,1864,0.3477736051502146,0.29171155838383955,5.665653495440729,0.0944206008583691,0.00536480686695279,2.697594057838332,0.8420204191295003,0.7368421052631579
Chopin,Etude Op.10 No.11 in e major Arpeggio Chopin,/Users/victor/JuFo2026/15571083/mxl/0/49/QmaV5rqBXD2utFkc2XYtmscsoqxwcdCwQgwxzwrCDjJWxR.mxl,635,0.5188976377952756,0.1842836525240257,3.895705521472393,0.17165354330708663,0.011023622047244094,0.6167645207643466,0.0015822784810126582,0.02
Chopin,Chopin Ballade No. 4 (Piano solo),/Users/victor/JuFo2026/15571083/mxl/12/28/QmUkCd5kX3tLNtrCNzmMgNSLJ7GGFsjfGbMBsNgq7612ox.mxl,4575,0.34726047358834244,0.3014543198751022,9.452479338842975,0.1160655737704918,0.0019672131147540984,4.795778669537045,0.652668416447944,0.7028985507246377
Chopin,Frédéric Chopin: Fantaisie-impromptu in C-sharp minor Op.66,/Users/victor/JuFo2026/15571083/mxl/17/13/QmZcUwdJEKU3DXk6fWYRkzTJ1UCC3JUxpgHymdEa2bYtpW.mxl,2995,0.3632721202003339,0.33958635816008026,10.851449275362318,0.08580968280467446,0.001669449081803005,4.083276576937436,0.31316844919786097,0.9819819819819819
Chopin,Grande Valse Brillante Op. 18 Analysis,/Users/victor/JuFo2026/15571083/mxl/9/8/QmR9uamCGLTop6GLTVCsVF9Cp3CNkC4G3HbTVrbWn5YB1S.mxl,2149,0.8694741740344346,0.41443017282525674,2.3033226152197215,0.298278268962308,0.0,3.7791941348420255,0.0,0.6933333333333334
Chopin,Frédéric Chopin - Waltz in A minor B. 150,/Users/victor/JuFo2026/15571083/mxl/8/11/QmQb1RdU1FtmmYHbXdfU7YEY8a9nvkJcdBJGRTrSokCCq9.mxl,397,0.8136020151133502,0.3734409487399198,2.3491124260355027,0.2770780856423174,0.0,3.5111697999573694,0.01015228426395939,0.875
Chopin,Polonaise-Fantasie (F.Chopin Op.61),/Users/victor/JuFo2026/15571083/mxl/2/10/QmcAuHtH8ziExxeraVL8tdn5QbDxxoXxng8uKafN9sQrRo.mxl,4707,0.5081226542029602,0.42895283589750954,4.664437012263099,0.09241555130656469,0.2130868918631825,6.377177408584137,0.27848639455782315,0.7391304347826086
Chopin,Chopin 24 Préludes Opus 28,/Users/victor/JuFo2026/15571083/mxl/5/32/QmfM3JtYkeZXaQbaDJrJV3V54mujUrEcGLBEn1djBtaUHM.mxl,14495,0.4940444981027941,0.5043785508533728,2.276960858108188,0.11397033459813728,0.15363918592618145,5.526927179837966,0.40022081148219707,0.4868421052631579
Chopin,Nocturne (Short Version),/Users/victor/JuFo2026/15571083/mxl/15/43/QmXSKixSsPLd7Cbgzey15tWvc8vq3sD6FwFMdjsgUzJmkE.mxl,190,1.131578947368421,0.7104873283650547,1.7431192660550459,0.3736842105263158,0.0,3.6012552348787135,0.0213903743315508,0.19444444444444445
Chopin,Frédéric Chopin: Prelude in A major Op.28 No.7,/Users/victor/JuFo2026/15571083/mxl/9/37/QmRP9W9te4eDqVnrabcdgvNuQAkT1A8w2RrAdjJjGuARwd.mxl,85,1.1411764705882352,0.5236285431592443,1.7346938775510203,0.36470588235294116,0.0,3.5826635605476103,0.0,0.45454545454545453
Chopin,Chopin Frédéric Études Op. 10 6. Étude in G-sharp minor Thirds,/Users/victor/JuFo2026/15571083/mxl/4/30/QmeL4DFPXz6yfY3bD9cqVsvqtEPHPFzsRYTVkaF5FFeDLE.mxl,910,0.5862637362637363,0.6983424619622145,8.557993730407524,0.12197802197802197,0.14725274725274726,3.8849172458430874,0.7298787210584344,
Debussy,Debussy - Préludes - Book I - VI,/Users/victor/JuFo2026/15571083/mxl/10/1/QmS2kfB8xQJurJy5PjCYMPqjiFvVyRpGTyxGC4LyZuLdoM.mxl,459,0.8725490196078431,0.6905703806967117,3.1655172413793102,0.19825708061002179,0.02832244008714597,5.396916402868704,0.0,0.75
Debussy,Claude Debussy Pour le Piano II Sarabande,/Users/victor/JuFo2026/15571083/mxl/12/28/QmUk3ahyVbCMrrQhCuvXBW7bGCHkZd3LAdM7HKkVeAVE6P.mxl,751,0.7882822902796272,0.5528587097801322,3.4768518518518516,0.2636484687083888,0.006657789613848202,4.633677079619904,0.03208556149732621,0.05263157894736842
Debussy,Les collines d'Anacapri,/Users/victor/JuFo2026/15571083/mxl/15/22/QmXGnsc1wBSmh4nC2AWPKRCJ5DQsH7tgbz6HoWbBRu4Mxt.mxl,1344,0.4656482514880952,0.48227657332741464,3.9375,0.11904761904761904,0.10044642857142858,5.450488952417422,0.6405667412378822,0.6333333333333333
Debussy,Debussy Prelude Book 2 No 2 Feuilles mortes,/Users/victor/JuFo2026/15571083/mxl/2/45/QmcTQtgK7WDjQGQX8bDyUvbYvEwH6nZcKbxUKhCbnghsLM.mxl,411,0.9452554744525548,0.7896351804395444,3.236220472440945,0.24574209245742093,0.0170316301703163,6.088598405495555,0.08333333333333333,1.0
Debussy,Bruyères,/Users/victor/JuFo2026/15571083/mxl/14/5/QmW6E34TPPP8eBgcNGvZ55Q4VxMnEpN1MtVB3AVLJFeVaF.mxl,663,0.6715686274509803,0.7710049907542104,4.27741935483871,0.17043740573152338,0.0015082956259426848,6.092266987131104,0.5015151515151515,0.8333333333333334
Debussy,Debussy Prelude Book 2 No 6 General Lavine - excentric,/Users/victor/JuFo2026/15571083/mxl/5/20/QmfFqKsSzZEXqmYrXP94cbqrfeDX5DN55NDmwBPX4yJvDD.mxl,692,0.5695447976878613,0.46785524808101026,3.1670480549199085,0.2138728323699422,0.07803468208092486,5.241055291945651,0.2757619738751814,0.6756756756756757
Debussy,Debussy Prelude Book 2 No 4 Les fees sont d'exquises danseuses,/Users/victor/JuFo2026/15571083/mxl/11/50/QmTw41w2mm8cqvn8Vz3GtnnQt1ozHDBc4c9ZbNcwSceHiH.mxl,1400,0.3787410714285714,0.44373184058488757,11.009174311926605,0.11785714285714285,0.13857142857142857,5.290826545082726,0.6678596993557624,1.0
Debussy,Deux arabesques,/Users/victor/JuFo2026/15571083/mxl/12/10/QmUAYMoNgNjpMXHGPeze3PJUxVMUG3EAWbnn6XQXnb9ufp.mxl,2887,0.659161759612054,0.6479308304507088,3.3337182448036953,0.1652234153100104,0.025285763768617943,5.5768781801669425,0.09292649098474341,0.8061224489795918
Debussy,Debussy Prelude Book 2 No 12 Feux d'artifice,/Users/victor/JuFo2026/15571083/mxl/13/57/QmVZUovZ2Qvbq6xCyiwHzfBtDnzktYSyaW9GJJrPmENPCD.mxl,2423,0.1373976819369927,0.22216905345982516,5.881067961165049,0.05736690053652497,0.041271151465125874,5.621673338323224,0.9359504132231405,0.6363636363636364
Debussy,Debussy Prelude Book 2 No 1 Brouillards,/Users/victor/JuFo2026/15571083/mxl/4/51/QmeWKxe5hUXi11SVhqpTZfPhhAJxciDNuwJsciiUk7abYb.mxl,998,0.23136272545090178,0.3629681817947374,4.752380952380952,0.09418837675350701,0.04609218436873747,5.013192836035948,0.8753768844221106,0.38461538461538464
Debussy,Sarabande (C.Debussy. Pour le piano. No.2. ),/Users/victor/JuFo2026/15571083/mxl/10/9/QmSapKg585rCeS4WNPEgxDrQS31qVXeg5pGvNKx9KcTCPb.mxl,806,0.7322684036393714,0.5725500904445969,3.7314814814814814,0.24689826302729528,0.00620347394540943,5.278073248525473,0.06351183063511831,0.3076923076923077
Debussy,Nocturne (C.Debussy),/Users/victor/JuFo2026/15571083/mxl/0/32/QmaMBmVafSnmCGZLYgUWDLufBVY6wmy3vqrqbMecqMmhJR.mxl,1614,0.6202976559273029,0.6835704476896374,4.533707865168539,0.0687732342007435,0.21065675340768278,6.895382598528432,0.26877715704531346,0.5
Debussy,Petite suite (C.Debussy),/Users/victor/JuFo2026/15571083/mxl/2/26/QmcjeEgVcoWu1P6Dq2VqJJc948XeS3Efk66QLZKeRZuqkY.mxl,7027,0.5653728475878753,0.5902408305598695,9.254170324846356,0.2020777002988473,0.016507755799060764,6.158292953844947,0.35834282460136674,0.7205240174672489
Debussy,Rêverie :Debussy :fix,/Users/victor/JuFo2026/15571083/mxl/1/51/QmbWhYRPux1RcQo4smQvKFinUE6DoPYXmg9Qy4U5qpy1Ue.mxl,1138,0.8971880492091389,0.7770531895717755,2.8308457711442787,0.21353251318101935,0.012302284710017574,4.684806915111326,0.0,0.7428571428571429
Debussy,Debussy Prelude Book 2 No 7 La terrasse des audiences du clair de lune,/Users/victor/JuFo2026/15571083/mxl/17/16/QmZDmit9FD5jWx5LbDq8jcY17ArDZRQJLqKrgb733RfQvy.mxl,775,0.5148306451612903,0.4728042716061755,8.675373134328359,0.12387096774193548,0.06193548387096774,5.903110337031445,0.4170984455958549,1.0
Debussy,Debussy Prelude Bk 1 No 3 Le Vent dans la plaine,/Users/victor/JuFo2026/15571083/mxl/0/15/Qmadte65iwPsoF6r2FA6xhZJxCKv6gRaJii7FeXFHEM65H.mxl,1408,0.36174242424242425,0.5646762913571729,5.966101694915254,0.09090909090909091,0.0078125,3.6414280126366627,0.8277580071174377,1.0
Debussy,Debussy Prelude Book 2 No 9 Hommage a S. Pickwick Esq. P. P. M. P. C,/Users/victor/JuFo2026/15571083/mxl/6/30/QmNLuPGuwutRoDQLhW4hNpBkhowszHBsYbLhf8SzaZFL4G.mxl,686,0.5840014577259475,0.6123121435653363,4.234567901234568,0.20845481049562684,0.0,6.125718072687355,0.16544655929721816,0.6363636363636364
Debussy,Debussy Première Arabesque L. 66 No. 1,/Users/victor/JuFo2026/15571083/mxl/10/25/QmSiufNxXsLotuQDJMEjTj3AbLr5H4K3mfB4LbjeB6UwTm.mxl,1440,0.7207175925925925,0.6833213259101367,3.380281690140845,0.17083333333333334,0.043055555555555555,5.2321021574959605,0.0,0.8478260869565217
Debussy,Debussy - La fille aux cheveux de lin,/Users/victor/JuFo2026/15571083/mxl/15/25/QmXiANoF15wqxY1T8hka5xUpgtC7ZNWWHciJ5qJe9mEgXf.mxl,430,0.786046511627907,0.8077621672044941,3.675213675213675,0.26744186046511625,0.011627906976744186,5.697530301174359,0.23185011709601874,0.3333333333333333
Debussy,Valse romantique Claude Debussy,/Users/victor/JuFo2026/15571083/mxl/0/50/QmawJ7uHzgwB6RUqi63x81eeuUeGvwppDdRDxJSmVEhW1F.mxl,1196,0.8400222965440357,0.646469300255818,2.6401766004415013,0.23076923076923078,0.0,5.2243184101950275,0.0,0.5892857142857143
Debussy,Debussy Claude - La plus que lente,/Users/victor/JuFo2026/15571083/mxl/1/55/QmbYCixEYiqqLRZmHY18yk2pitQ4oMjzLmuLGN8EMFPRAx.mxl,1190,0.9222689075630253,0.6619520876499935,2.68018018018018,0.28739495798319326,0.012605042016806723,4.8954280913171075,0.018534119629317607,0.5416666666666666
Debussy,Ballade (C.Debussy),/Users/victor/JuFo2026/15571083/mxl/4/7/Qme8Dz2TtWJPTk6QauUhcmxxzbGz9xhnwj4DMYfMDUxZPb.mxl,2505,0.5302037591483699,0.6217935662184332,5.964285714285714,0.12215568862275449,0.015968063872255488,6.144634064991812,0.4140687450039968,0.3333333333333333
Debussy,IV. Passepied,/Users/victor/JuFo2026/15571083/mxl/1/14/QmbCqeJ9LcEBfVWtEGHMz8KS96dzXCCCAZWSdYRdEuD7qP.mxl,1773,0.7368866328257191,0.6068052441839689,2.8413461538461537,0.17710095882684715,0.02030456852791878,3.6750512794296983,0.0,0.9459459459459459
Debussy,Children's Corner - Doctor Gradus ad Parnassum,/Users/victor/JuFo2026/15571083/mxl/1/42/Qmbs6AsQ1EcraYkW8kJK6RxdrYGU2R1qA4iCV87Lg32MDD.mxl,1261,0.5148691514670896,0.7159720262933248,2.409937888198758,0.08643933386201427,0.0816812053925456,3.4882230385634054,0.8203497615262321,0.6666666666666666
Debussy,C. Debussy Pour remercier la pluie au matin 6 épigraphes antiques 6,/Users/victor/JuFo2026/15571083/mxl/17/44/QmZtBw4yJTosH6YfKkyWAf9RFTPXac6esriXSP73xCoTCj.mxl,1593,0.519774011299435,0.7117593594543351,6.423387096774194,0.13308223477715003,0.005649717514124294,4.663011288936774,0.6377358490566037,0.9142857142857143
Debussy,Children's Corner - The Little Shepherd,/Users/victor/JuFo2026/15571083/mxl/11/35/QmTobBbb6pruvSbYGAGkq5mA735jihqP5kBsGZ95zMs1D3.mxl,327,0.8333333333333334,0.9414734856378172,2.6370967741935485,0.21406727828746178,0.06422018348623854,6.5029535981558775,0.17901234567901234,1.0
Debussy,Debussy - Suite Bergamasque - III. Clair de Lune,/Users/victor/JuFo2026/15571083/mxl/10/27/QmSJeDjtEuw3PjP17fheDNXGojcQ76HmntyE2T84D5zJYY.mxl,1207,0.7593206296603149,0.7838817312312638,5.693396226415095,0.12013256006628004,0.027340513670256836,5.495043673774721,0.4210963455149502,0.125
Debussy,Debussy - Suite Bergamasque - I. Prelude,/Users/victor/JuFo2026/15571083/mxl/17/54/QmZy4ZR3YFGv5wffKZpBZCTwDQimjsc3NUUpVJytYbMLEy.mxl,1432,0.692213687150838,0.7714807987673222,4.022471910112359,0.17108938547486033,0.025139664804469275,5.366965463572446,0.2813156053184045,0.125
Debussy,Debussy - Préludes - Book I - I,/Users/victor/JuFo2026/15571083/mxl/7/55/QmPYQ9LpBn5ummY8UPVcMm4TriJDuqogjPT66UB1UTLbSm.mxl,390,0.8538461538461538,0.5401667139832512,4.020618556701031,0.20256410256410257,0.11282051282051282,5.465515353251985,0.0,0.0
Debussy,Claude Debussy: La cathédrale engloutie (The Submerged Cathedral),/Users/victor/JuFo2026/15571083/mxl/0/46/Qmaug5pXs59BJq1VTdXhrKAU3DHxRqusrDgXraMS6xDtYk.mxl,870,1.7881226053639847,1.6313791344266084,4.887640449438202,0.25632183908045975,0.1310344827586207,5.576814289943263,0.006920415224913495,0.5909090909090909
Debussy,Le petit négre,/Users/victor/JuFo2026/15571083/mxl/8/5/QmQ69pQ8vazfN2JxhjU93N7PhHGGJnG6FYQfCJ1A8462nQ.mxl,601,0.6522462562396006,0.44205778744909235,3.1968085106382977,0.3011647254575707,0.059900166389351084,3.994653794225623,0.021739130434782608,0.6379310344827587
Debussy,Clair de Lune (easy),/Users/victor/JuFo2026/15571083/mxl/6/54/QmNyaupjnP2L7AgSvjuq5TmDoDhqCJiKhGd8rT9CefbkMY.mxl,129,1.3875968992248062,0.9639636964390312,2.5294117647058822,0.24806201550387597,0.0,4.759404441543692,0.0,0.5555555555555556
Debussy,Children's Corner - Jimbo's Lullaby,/Users/victor/JuFo2026/15571083/mxl/15/54/QmXyiyQ9XGzMjmE4XWK5qJXdQeDsrsGi9gfLNAcbcFaoyK.mxl,592,1.177364864864865,1.0212081222923135,3.4022988505747125,0.27533783783783783,0.02533783783783784,4.893988833968691,0.0,0.5757575757575758
Debussy,Debussy - Suite Bergamasque - II. Menuet,/Users/victor/JuFo2026/15571083/mxl/9/31/QmRmtC2jScfFwM1wA6Ec2qZaW154XWedsPocpFjAURubTG.mxl,1729,0.49392230576441104,0.5059888835830278,5.541666666666667,0.16657027183342973,0.002313475997686524,5.208412490228604,0.41541135573580534,0.34782608695652173
Debussy,FZW Audition Violin: The girl with the flaxen hair,/Users/victor/JuFo2026/15571083/mxl/3/48/QmdvAGb46C68YnMsKnBNPXYq2CUFk2BSpfhcXcG5CHbwmu.mxl,330,0.6886363636363636,0.7016104555983745,2.972972972972973,0.23030303030303031,0.006060606060606061,5.736482720842154,0.25688073394495414,0.8518518518518519
Debussy,Mouvement (Images Nr. III) C. Debussy,/Users/victor/JuFo2026/15571083/mxl/9/45/QmRTQoLVCx52KdCkNzy52M1LXrYhfp9W3uPYFSPhrJAnnR.mxl,2848,0.3187031835205993,0.3851056516058017,8.045197740112995,0.15344101123595505,0.0028089887640449437,3.3297513861384354,0.8541300527240774,0.8333333333333334
Mozart,Mozart Piano Concerto No. 21 K467 2nd Mvmt (Arr. for 2 pianos),/Users/victor/JuFo2026/15571083/mxl/7/10/QmPAiAnfCj6XrH3ofvRLy5yjCQbidz8WoCAb738C2v2NtQ.mxl,2225,0.5916104868913857,0.6232917954393914,5.3485576923076925,0.16853932584269662,0.004943820224719101,5.542985369395427,0.049054905490549056,0.9041095890410958
Mozart,Sonata No. 16 K 545 3rd Movement,/Users/victor/JuFo2026/15571083/mxl/7/9/QmPaDt5oro5S5MxK47tRyuppCxwhyyTfe5568yRv4494KE.mxl,724,0.34185082872928174,0.20019645009817205,4.925170068027211,0.19889502762430938,0.0013812154696132596,2.6130854342088035,0.7142857142857143,0.5606060606060606
Mozart,Mozart - Piano Sonata No. 18 in D: Allegretto,/Users/victor/JuFo2026/15571083/mxl/4/24/QmeHuDfTaHhXPjjr6F5cyx96o8icjuvQT8uLpFbhoC6iEQ.mxl,2220,0.3258258258258258,0.2906109270220208,5.873015873015873,0.17297297297297298,0.006306306306306306,4.3452149227554795,0.6937302661253947,0.8148148148148148
Mozart,Mozart flute concerto no.1 in G major kv131,/Users/victor/JuFo2026/15571083/mxl/3/55/QmdYMGrqTuCzem1GiqBkcxscbRqUePf8WJGpS714LzS7MW.mxl,2928,0.5527663934426229,0.4121397218735524,3.327272727272727,0.15163934426229508,0.00819672131147541,4.351270724114817,0.27726495726495726,0.4
Mozart,Mozart - Piano Sonata No. 18 in D: Adagio,/Users/victor/JuFo2026/15571083/mxl/11/38/QmTqnWEgQtgEymkGoSgMwHBLxNuXbBwg2EdMUzYDE9jYwY.mxl,1212,0.32755775577557755,0.3565925800075144,6.029850746268656,0.11386138613861387,0.0024752475247524753,4.643324447782825,0.7692307692307693,0.8823529411764706
Mozart,Komm lieber Mai,/Users/victor/JuFo2026/15571083/mxl/2/9/QmcanpWgvkPVJLshBC2JFT9byViifisDyi158smUGQogHX.mxl,130,0.7384615384615385,0.3732156760217909,4.020618556701031,0.24615384615384617,0.0,3.097687051323328,0.0,0.0
Mozart,Andante,/Users/victor/JuFo2026/15571083/mxl/3/50/QmdwwENhYbjxxk4X7DjnVfwCDkfT8FJ6TC4yZtaomd3cZi.mxl,971,0.33007209062821835,0.2207955258059312,6.2243589743589745,0.08444902162718847,0.005149330587023687,4.295660635737842,0.753099173553719,0.9166666666666666
Mozart,Polonaise W.A. Mozart,/Users/victor/JuFo2026/15571083/mxl/4/3/Qme4on6zA599C2geDNg188XL745QLUyLZNQWuYNYvqVJn5.mxl,211,0.45734597156398105,0.28636977507444594,4.395833333333333,0.16113744075829384,0.02843601895734597,3.9856942140974736,0.25961538461538464,1.0
Mozart,W. A. Mozart Minuet in F Major K5.,/Users/victor/JuFo2026/15571083/mxl/12/19/QmUfTS6K5Js8oBzGHXSD3f8QqxKq2q7yJH5zxG5FzhiHEe.mxl,206,0.5339805825242718,0.3926641387197892,3.121212121212121,0.16019417475728157,0.0,3.913159751671445,0.45320197044334976,0.7272727272727273
Mozart,Wolfgang Amadeus Mozart - Morgen kommt der Weihnachtsmann,/Users/victor/JuFo2026/15571083/mxl/3/40/QmdrhvsqisvZxSr1wEKJqZpYZYs1JpopTHz1Wp5WLoJ6BS.mxl,1548,0.5540213178294574,0.4238822642717608,3.5362649914334665,0.25516795865633074,0.04844961240310078,4.326628000312702,0.6245954692556634,0.68
Mozart,Thème du 1er mouvement de la sonate K.331,/Users/victor/JuFo2026/15571083/mxl/4/42/QmeswnMFsq7kKrfJU2KHcucQ55D1psa3djU7BiYUptXPPR.mxl,55,1.7454545454545454,0.8359682860052835,1.1458333333333333,0.5818181818181818,0.0,3.421040029912436,0.0,0.0
Mozart,W.A. Mozart - Contredanse in A K. 15l,/Users/victor/JuFo2026/15571083/mxl/1/2/Qmb3nWh89rZ5qR7paUjp7MEF6Z4CL65Vchtm7k3S2EYr6G.mxl,137,0.7518248175182481,0.3424050168856618,2.140625,0.41605839416058393,0.0,3.0051326069888544,0.0,0.45161290322580644
Mozart,W.A. Mozart - Rondo in F K. 15hh,/Users/victor/JuFo2026/15571083/mxl/2/31/QmcmB7Rvh3DyQJ63EmKEnjxqUzC8toMRd3zk6CrT6mkJyB.mxl,356,0.48314606741573035,0.22396584898316974,5.741935483870968,0.3146067415730337,0.0,3.297015434313105,0.1813031161473088,0.4444444444444444
Mozart,Wolfgang Amadeus Mozart - Komm lieber Mai,/Users/victor/JuFo2026/15571083/mxl/7/52/QmPxLJ7CnzLzmnumP9FTcybCHjESQSSgKefE9pjVTzup6W.mxl,206,0.5558252427184466,0.19217722540599577,5.15,0.1941747572815534,0.0,1.4613517157865958,0.0,0.5
Mozart,Sonate in C KV 330-1.Allegro moderato,/Users/victor/JuFo2026/15571083/mxl/7/42/QmPsb5NL3M1BRGhViY3B6G5kVxEFZQCjH55fKqWdB7Zhr8.mxl,2130,0.26561032863849765,0.17735906910146082,7.1,0.14037558685446008,0.008450704225352112,4.91217914282498,0.8373295721673719,0.8468468468468469
Mozart,KV 80 Piano,/Users/victor/JuFo2026/15571083/mxl/3/6/Qmd7Yxc9yCJrsVqgsRTPyfLjapnTvQ6XnXpKMGUDB8ZD7R.mxl,1010,0.4634488448844885,0.34033684354639504,6.601307189542483,0.1603960396039604,0.00891089108910891,4.875192806385325,0.3416087388282026,0.7560975609756098
Mozart,W.A. Mozart - Minore in A minor K. 15k,/Users/victor/JuFo2026/15571083/mxl/4/12/QmeBuVqPpzPMfzif2cCpt7MZXo2YaYcUot4zrmNTn8F4JF.mxl,123,0.8211382113821138,0.46763871455160594,2.2777777777777777,0.24390243902439024,0.0,4.000452071932437,0.0,0.6111111111111112
Mozart,Wolfgang Amadeus Mozart - Polonaise,/Users/victor/JuFo2026/15571083/mxl/13/3/QmV46nwkLq5hTefpZx1xYyNGKVc5b3C9j6JcGYjeYkfmTS.mxl,209,0.44258373205741625,0.24454336691054893,4.354166666666667,0.15311004784688995,0.028708133971291867,3.9455257601151104,0.2621359223300971,1.0
Mozart,W. A. Mozart Minuet in G Major K1e.,/Users/victor/JuFo2026/15571083/mxl/10/43/QmSSZAHjALT7zf8hpZpLFXaBHB9ytuBETs4QbhvYDFSAaa.mxl,256,0.81640625,0.4286505005568105,2.6666666666666665,0.27734375,0.0,4.140054468801999,0.13438735177865613,0.4230769230769231
Mozart,Mozart Piano Sonata No. 10 in C major- 3rd Movement,/Users/victor/JuFo2026/15571083/mxl/11/10/QmTASjPmcHiPq3aLyHygoWKbwxCe9rXXDuhqiN4q6LmBCb.mxl,1969,0.3225410529879803,0.22887339932916417,5.757309941520468,0.16455053326561705,0.0,4.560895848493907,0.8031536113936928,0.84
Mozart,Mozart - Sonata in Bb K 570 Movement I,/Users/victor/JuFo2026/15571083/mxl/11/1/QmT2Fednhnpvwp5DLd9xYTLnufWm4AT1Aqk5BVn4kZuoXs.mxl,1898,0.6169652265542677,0.5452864502310321,3.0271132376395533,0.22128556375131717,0.0,4.336467776345001,0.33825857519788916,0.8482758620689655
Mozart,W. A. Mozart Allegro in Bâ Major K3.,/Users/victor/JuFo2026/15571083/mxl/7/23/QmPh9E2SVDigz7bhQx3CqCFNxD33a9G5uFVGWf2536dG7J.mxl,157,0.6496815286624203,0.2847782026255816,2.6166666666666667,0.36942675159235666,0.0,3.236813888137154,0.03896103896103896,0.5714285714285714
Mozart,Mozart Flute Quartet in D For Flute and Piano K285,/Users/victor/JuFo2026/15571083/mxl/8/25/QmQi6RkK5b4Nxi8sQM9SMBqRBB4yr4Sgy7Vg2EV2azMtLA.mxl,1814,0.6600055126791621,0.4790948949654533,2.9448051948051948,0.16427783902976847,0.004410143329658214,4.284545247012624,0.07123136388735506,0.5288461538461539
Mozart,W.A. Mozart: Menuet,/Users/victor/JuFo2026/15571083/mxl/17/10/QmZAwpKVi1GH5jQTXkgiM2G6DtS5GsAoDB6WuJY6MpmLhy.mxl,130,1.1076923076923078,0.6979400515673635,1.8055555555555556,0.36923076923076925,0.0,3.8755072432622457,0.0,0.75
Mozart,Mozart - Minuet & Trio - K. 1,/Users/victor/JuFo2026/15571083/mxl/5/14/QmfCULDvejZyShSRANTgFLGt4TudSaWNcuAfbV89RhdFPP.mxl,609,0.8325123152709359,0.42580216224841755,2.5269709543568464,0.2824302134646962,0.0,4.072783071216822,0.11221122112211221,0.5454545454545454
Mozart,Mozart: Minuet in F Major (K2) (easy),/Users/victor/JuFo2026/15571083/mxl/0/18/QmaENucP3iVPGGeUtgdj959VJEx116ke3SYH4X5s993nhN.mxl,130,1.1076923076923078,0.6979400515673635,1.7889908256880733,0.36153846153846153,0.015384615384615385,3.8755072432622457,0.0,0.75
Mozart,Mozart - Lacrimosa (from the Requiem in D minor),/Users/victor/JuFo2026/15571083/mxl/2/18/QmcEUzb7QMJeTCwi57Q6nN4vT9UW6h66gMkLFW62VoDyuo.mxl,503,0.7226640159045725,0.5434621914321898,4.191666666666666,0.11928429423459244,0.0,3.0194238618083675,0.0,0.5238095238095238
Mozart,Mozart Sonata No.8 KV.310 1st,/Users/victor/JuFo2026/15571083/mxl/16/28/QmYkwGqdPV2gFv7GS3Lv59K6pvwbH7tzEbp2uPFvzBzFzz.mxl,2595,0.4458574181117534,0.41907169511126635,4.87781954887218,0.11560693641618497,0.005394990366088632,4.150410205118497,0.7033179012345679,0.9047619047619048
Mozart,Turkish March,/Users/victor/JuFo2026/15571083/mxl/9/13/QmRc72qvsdoJZcp9zVjKXy7qskvXtMCpxjhp59DreLwzv4.mxl,190,0.47368421052631576,0.24561599309996487,3.877551020408163,0.25263157894736843,0.0,3.3448773428696805,0.19786096256684493,0.7083333333333334
Mozart,Török induló,/Users/victor/JuFo2026/15571083/mxl/7/39/QmPQMitaGzGvcaVjepEB42qdeo7ntvxkSt2Va2opYZrkU7.mxl,252,0.4801587301587302,0.1835987651123189,3.9375,0.25396825396825395,0.0,3.055933767555963,0.14859437751004015,0.5666666666666667
Mozart,Musikalisches Würfelspiel K.516f,/Users/victor/JuFo2026/15571083/mxl/13/22/QmVG74s7jJqPF6hpNVRL5cC1ZrTKHskVunsiYikJnKSj2j.mxl,1216,0.4185855263157895,0.23788916714122155,6.909090909090909,0.3050986842105263,0.0,3.861491738694811,0.48474855729596045,0.9299363057324841
Mozart,Burlesque - G Major,/Users/victor/JuFo2026/15571083/mxl/10/10/QmSAKUUM14Kdbhn8ZnsfvWjpoHGojgfpRLVPPUx9cfaTxa.mxl,149,0.912751677852349,0.3960015915167034,2.1911764705882355,0.22818791946308725,0.0,3.1798658748604676,0.0,0.8823529411764706
Mozart,W. A. Mozart Minuet in C Major K1f.,/Users/victor/JuFo2026/15571083/mxl/11/16/QmTDBFbPLYF24o8ihUjDJ5XUYpstJj2VexoBQovTLXXNsS.mxl,151,0.7682119205298014,0.45953775521405477,3.1458333333333335,0.25165562913907286,0.0,3.904342515134061,0.22972972972972974,0.18181818181818182
Mozart,Allegro Molto in C Major - W.A. Mozart,/Users/victor/JuFo2026/15571083/mxl/8/53/QmQXVBQ8xdqEuUQqnamgZGtA7Z9N6qXQniVYRXmsPeQBme.mxl,2326,0.38327601031814273,0.3124101041015781,4.610505450941527,0.12811693895098883,0.01934651762682717,3.057830881522833,0.8385708136030995,0.8741721854304636
Mozart,Arie des Papageno,/Users/victor/JuFo2026/15571083/mxl/7/53/QmPXeDX6QxMNPHCNDoUGUkTYf5ZnHaBELsYHu1YyLfEk9Z.mxl,214,0.7289719626168224,0.37616096817753475,2.4318181818181817,0.1822429906542056,0.004672897196261682,4.024711166936691,0.05687203791469194,0.7272727272727273
Mozart,Mozart: Tuba Mirum,/Users/victor/JuFo2026/15571083/mxl/1/4/Qmb5A9LjUaLuQmCeHjqWDwhU5yLkV2C3pJ4UmK8b5FrG71.mxl,83,0.6626506024096386,0.5066333108435167,1.1527777777777777,0.14457831325301204,0.0,2.3208094989080754,0.0,
